Newly assigned number,Position on other spreadsheet,Source,WTSP_updated,Recording ID (if noted),Year,Date,Subpopulation (if specified),Province/State,Latitude,Longitude,Introductory Notes (if noted),Terminal Strophe type,Recordist,,Begin time,Name_for_scoring
1,7,Macaulay Library,WTSP78,ML66743,1951,18/06/1951,,Ontario,45.8372,-78.3791,Ascending,Triplet,William Gunn,,,WTSP41
2,14,Macaulay Library,WTSP91,ML15566,1953,24/06/1953,,Quebec,48.9474,-66.1224,Ascending,Triplet,Arthur Allen,,,WTSP42
3,18,Macaulay Library,WTSP34,ML66744,1953,18/06/1953,,Ontario,46.3679,-79.9247,Descending,Triplet,William Gunn,,,WTSP43
4,25,Macaulay Library,WTSP2,ML43015,1956,12/7/56,,Quebec,46.8027,-71.3334,Ascending,Triplet,William Gunn,,,WTSP44
5,26,Macaulay Library,WTSP36,ML66751,1956,10/7/56,,Quebec,46.8027,-71.3334,Ascending,Triplet,William Gunn,,,WTSP45
6,32,Macaulay Library,WTSP31,ML66755,1957,5/7/57,,Ontario,47.8493,-81.3561,Ascending,Triplet,William Gunn,,,WTSP46
7,46,Macaulay Library,WTSP43,ML66773,1960,6/7/60,,Ontario,50.0978,-91.922,Descending,Triplet,William Gunn,,,WTSP47
8,57,Macaulay Library,WTSP56,ML15596,1962,12/6/62,,Maine,44.3924,-68.3021,Ascending,Triplet,Robert C Stein,,,WTSP48
9,58,Macaulay Library,WTSP25,ML15598,1962,12/6/62,,Maine,44.3924,-68.3021,Descending,Triplet,Robert C Stein,,,WTSP49
10,71,Macaulay Library,WTSP74,ML15611,1963,1/7/63,,Quebec,48.3456,-67.0539,Descending,Triplet,Robert C Stein,,,WTSP50
11,84,Macaulay Library,WTSP52,ML98808,1992,1/6/92,,Michigan,46.6274,-85.0374,Descending,Triplet,Geoffrey Keller,,,WTSP51
12,94,Macaulay Library,WTSP49,ML219779,2009,8/6/09,,New York,42.6658,-76.3468,Descending,Triplet,Bob Mcguire,,,WTSP52
13,99,Macaulay Library,WTSP62,ML224610,2009,16/06/2009,,New York,44.4854,-74.4022,Descending,Triplet,Bob Mcguire,,,WTSP53
14,101,Macaulay Library,WTSP48,ML136588,2011,6/7/11,,New York,37.3541,-121.9552,Descending,Triplet,Sean O'Brien,,,WTSP54
15,104,Macaulay Library,WTSP1,ML205318,2012,7/6/12,,Massachusetts,42.3566,-73.1796,Ascending,Triplet,David Kazdan,,,WTSP55
16,106,Macaulay Library,WTSP66,ML29804391,2012,31/05/2012,,Vermont,44.6433,-72.6314,Ascending,Triplet,Paul Marvin,,,WTSP56
17,121,Macaulay Library,NA,ML38458241,2016,28/10/2016,,North Carolina,36.2145,-81.6465,Ascending,Doublet,Wilcox Family,,,WTSP57
18,130,Macaulay Library,WTSP3,ML38701321,2016,31/10/2016,,Maryland,39.6433,-76.3403,Ascending,Triplet,Dominique Bayne,,,WTSP58
19,131,Macaulay Library,NA,ML39355611,2016,8/11/16,,North Carolina,36.2144,-81.6465,Descending,Triplet,Wilcox Family,,,WTSP59
20,138,Macaulay Library,WTSP18,ML54398891,2017,13/04/2017,,British Columbia,53.25544,-123.07508,Ascending,Doublet,Carey Bergman,,,WTSP60
21,139,Macaulay Library,WTSP60,ML55530421,2017,23/04/2017,,Virginia,37.6781,-77.9464,Descending,Doublet,Darrell Peterson,,,WTSP61
22,140,Macaulay Library,WTSP64,ML56104121,2017,28/04/2017,,New York,43.3201,-77.7264,Monotone,Doublet,Nick Kachala,,,WTSP62
23,157,Macaulay Library,WTSP10,ML103860591,2018,6/6/18,Saginaw,Michigan,43.3912,-83.9858,Ascending,Doublet,Jason Parrish,,,WTSP63
24,168,Macaulay Library,WTSP58,ML121581051,2018,5/27/18,La Haute-Côte-Nord,Quebec,48.158,-69.665,Descending,Doublet,Jocelyn Lauzon,,,WTSP64
25,171,Macaulay Library,WTSP51,ML93822501,2018,4/8/18,Spencer,Indiana,37.8472,-87.1508,Ascending,Doublet,John Meredig,,,WTSP65
26,175,Macaulay Library,WTSP41,ML94266321,2018,4/13/18,Kendall,Illinois,41.6685,-88.5256,Descending,Doublet,Charles Shields,,,WTSP66
27,177,Macaulay Library,WTSP38,ML95630741,2018,4/12/18,Williamson,Tennessee,35.9206,-86.8627,Descending,Doublet,Carole Swann,,,WTSP67
28,193,Macaulay Library,WTSP75,ML120334251,2018,5/29/18,Sept-Rivières,Quebec,50.3225,-66.7726,Ascending,Triplet,Jocelyn Lauzon,,,WTSP68
29,194,Macaulay Library,WTSP76,ML122306271,2018,5/30/18,Sept-Rivières,Quebec,50.3225,-66.7726,Ascending,Triplet,Jocelyn Lauzon,,,WTSP69
30,199,Macaulay Library,WTSP30,ML93819141,2018,4/10/18,Hampshire,Massachusetts,42.3174,-72.6503,Ascending,Triplet,Mary McKitrick,,,WTSP70
31,206,Macaulay Library,WTSP59,ML95228051,2018,4/18/18,Cape May,New Jersey,38.9623,-74.9395,Descending,Triplet,Tom Johnson,,,WTSP71
32,207,Macaulay Library,NA,ML95228051,2018,4/18/18,Cape May,New Jersey,38.9623,-74.9395,Ascending,Triplet,Tom Johnson,,,WTSP72
33,227,Macaulay Library,WTSP22,ML151764121,2019,4/17/19,,Michigan,42.4086,-85.382,Descending,Doublet,Thomas Koffel,,,WTSP73
34,228,Macaulay Library,WTSP26,ML151846011,2019,4/18/19,,Nebraska,42.2343,-97.022,Descending,Doublet,Ed M. Brogie,,,WTSP74
35,234,Macaulay Library,WTSP90,ML153561511,2019,4/9/19,,Missouri,39.1217,-94.3485,Descending,Doublet,Mike Beck,,,WTSP75
36,240,Macaulay Library,WTSP53,ML156762331,2019,5/5/19,,Ontario,45.5043,-77.5763,Ascending,Doublet,Brian Shulist,,,WTSP76
37,241,Macaulay Library,WTSP33,ML158160201,2019,5/8/19,,Ontario,44.2927,-79.1966,Ascending,Doublet,Andrew Sibbald,,,WTSP77
38,242,Macaulay Library,WTSP20,ML160026921,2019,5/20/19,,Alberta,50.9905,-114.1464,Descending,Doublet,Mike Russum,,,WTSP78
39,245,Macaulay Library,WTSP81,ML161666051,2019,5/25/19,,Alberta,55.4122,-114.8044,Ascending,Doublet,Scott & Jill Tansowny,,,WTSP79
40,250,Macaulay Library,WTSP63,ML148303661,2019,3/31/19,,New York,41.1098,-73.8352,ascending,Triplet,valerie heemstra,,,WTSP80
41,261,Macaulay Library,WTSP73,ML150761041,2019,4/11/19,,Rhode Island,41.6682,-71.255,Ascending,Triplet,Luis Mendes,,,WTSP81
42,284,Macaulay Library,NA,ML153561511,2019,4/9/19,,Missouri,39.1217,-94.3485,Descending,Triplet,Mike Beck,,,WTSP82
43,297,Macaulay Library,WTSP27,ML157055401,2019,5/8/19,,Maine,44.3078,-69.2186,Descending,Triplet,Fyn Kynd,,,WTSP83
44,307,Xeno Canto,WTSP6,XC14296,2007,11/6/07,,Minnesota,47.5456,-91.4614,,Doublet,Andrew Spencer,Downloaded as mp3,00:21.8,WTSP84
45,312,Xeno Canto,WTSP77,XC54762,2008,2/5/08,,Tennessee,35.8589,-84.0948,,Triplet,Mike Nelson,Downloaded as mp3,00:19.5,WTSP85
46,316,Xeno Canto,WTSP47,XC59166,2010,10/5/10,,Maine,46.7678,-68.6009,,Triplet,Tayler Brooks,Downloaded as mp3,,WTSP86
47,321,Xeno Canto,WTSP39,XC89683,2011,2/11/11,,Tennessee,35.6028,-84.1228,,Triplet,Mike Nelson,Downloaded as mp3,,WTSP87
48,329,Xeno Canto,WTSP5,XC144431,2013,30/07/2013,,British Columbia,53.8832,-122.793,,Doublet,Patches Flores,Downloaded as mp3,,WTSP88
49,334,Xeno Canto,WTSP35,XC137568,2013,2/6/13,,Quebec,47.8534,-70.42,,Triplet,Martin St-Michel,Downloaded as mp3,,WTSP89
50,335,Xeno Canto,WTSP44,XC139053,2013,15/06/2013,,Quebec,47.8043,-70.7847,,Triplet,Martin St-Michel,Downloaded as mp3,,WTSP90
51,337,Xeno Canto,WTSP29,XC188416,2014,13/06/2014,,British Columbia,55.5267,-120.0314,,Doublet,Richard Webster,Downloaded as mp3,,WTSP91
52,346,Xeno Canto,WTSP13,XC190049,2014,18/06/2014,,British Columbia,56.327,-120.9521,,Doublet,Richard Webster,Downloaded as mp3,,WTSP92
53,351,Xeno Canto,WTSP67,XC187557,2014,11/7/14,,Maine,44.228,-68.312,,Triplet,Paul Driver,Downloaded as mp3,,WTSP93
54,354,Xeno Canto,WTSP24,XC246633,2014,17/05/2014,,Nova Scotia,46.5959,-60.3842,,Triplet,Jeffrey MacLeod,Downloaded as mp3,,WTSP94
55,359,Xeno Canto,WTSP69,XC236497,2015,18/04/2015,,New York,41.2042,-73.8862,,Triplet,Daniel Parker,Downloaded as mp3,,WTSP95
56,361,Xeno Canto,WTSP42,XC244590,2015,20/05/2015,,Quebec,45.3596,-73.7473,,Triplet,Maxime Aubert,Downloaded as mp3,,WTSP96
57,371,Xeno Canto,WTSP65,XC315745,2016,7/5/16,,Colorado,39.1647,-108.7473,,Doublet,Meredith Swett Walker,Downloaded as mp3,,WTSP97
58,372,Xeno Canto,WTSP4,XC319748,2016,2/6/16,,British Columbia,52.6146,-121.5135,,Doublet,Phil Ranson,Downloaded as mp3,,WTSP98
59,381,Xeno Canto,WTSP15,XC329879,2016,28/06/2016,,Saskatchewan,52.9551,-107.0927,,Doublet,John Patterson,Downloaded as mp3,,WTSP99
60,401,Xeno Canto,WTSP89,XC382121,2017,6/8/17,,Washington County,44.507,-67.8612,UpDown,Triplet,Sue Riffe,Downloaded as mp3,,WTSP100
,,Lab,WTSP84,Zonotrichia.albicollis_Apr72021_ECarringtonHallSpringfield_MDB_a,2021,NA,,Missouri,37.198587,-93.278143,,,MDB,,,
,,Lab,WTSP79,Zonotrichia.albicollis_Apr42021_1015SFremontAveSpringfield_JPM_a,2021,4/4/21,,Missouri,37.1959,-93.27139,,,JPM,,,
,,Lab,WTSP7,Zonotrichia.albicollis_Apr112021_LakeThunderbirdStateParkNorman_ZHV_a,2021,4/11/21,,Oklahoma,35.229334,-97.247234,,,ZHV,,,
,,Lab,WTSP17,Zonotrichia.albicollis_Apr32021_1337EDelmarStSpringfield_JPM_b,2021,4/3/21,,Missouri,37.195605,-93.272433,,,JPM,,,
,,Lab,WTSP12,Zonotrichia.albicollis_Apr112021_FassnightCreekSpringfield_AL_a,2021,4/11/21,,Missouri,NA,NA,,,AL,,,
,,Lab,WTSP8,Zonotrichia.albicollis_Apr42021_758SDelawareAveSpringfield_JPM_a,2021,4/4/21,,Missouri,37.200035,-93.266244,,,JPM,,,
,,Lab,WTSP45,Zonotrichia.albicollis_Apr112021_Springfield_SG_a,2021,4/11/21,,Missouri,NA,NA,,,SG,,,
,,Lab,WTSP28,Zonotrichia.albicollis_Apr192021_StCharles_SG_d,2021,4/19/21,,Missouri,38.8,-90.5,,,SG,,,
,,Lab,WTSP87,Zonotrichia.albicollis_Apr112021_LakeThunderbirdStateParkNorman_ZHV_c,2021,4/11/21,,Oklahoma,35.229334,-97.247234,,,ZHV,,,
,,Lab,WTSP72,Zonotrichia.albicollis_Apr52021_609WNormalStSpringfield_AL_a,2021,4/5/21,,Missouri,37.196296,-93.298089,,,AL,,,
,,Lab,WTSP88,Zonotrichia.albicollis_Apr42021_1246SDelawareAveSpringfield_JPM_c,2021,4/4/21,,Missouri,37.191278,-93.266543,,,JPM,,,
,,Lab,WTSP86,Zonotrichia.albicollis_Apr42021_1246SDelawareAveSpringfield_JPM_a,2021,4/4/21,,Missouri,37.191284,-93.266699,,,JPM,,,
,,Lab,WTSP21,Zonotrichia.albicollis_Apr42021_1246SDelawareAveSpringfield_JPM_b,2021,4/4/21,,Missouri,37.191284,-93.266699,,,JPM,,,
,,Lab,WTSP37,Zonotrichia.albicollis_Apr192021_StCharles_SG_c,2021,4/19/21,,Missouri,38.8,-90.5,,,SG,,,
,,Lab,WTSP19,Zonotrichia.albicollis_Apr32021_1337EDelmarStSpringfield_JPM_a,2021,4/3/21,,Missouri,37.195605,-93.272433,,,JPM,,,
,,Lab,WTSP85,Zonotrichia.albicollis_Apr112021_BennettSpringStateParkLebanon_SG_a,2021,4/11/21,,Missouri,37.7,-92.8,,,SG,,,
,,Lab,WTSP11,Zonotrichia.albicollis_Apr42021_800SFremontAveSpringfield_JPM_a,2021,4/4/21,,Missouri,37.200004,-93.270498,,,JPM,,,
,,Lab,WTSP14,Zonotrichia.albicollis_Apr72021_BlackForestApartmentsStLouis_EYN_a,2021,NA,,Missouri,38.468047,-90.31602,,,EYN,,,
,,Lab,WTSP82,Zonotrichia.albicollis_Apr192021_StCharles_SG_b,2021,4/19/21,,Missouri,38.8,-90.5,,,SG,,,
,,Lab,WTSP57,Zonotrichia.albicollis_Apr112021_634EMeadowmereStSpringfield_AL_a,2021,4/11/21,,Missouri,37.191259,-93.285914,,,AL,,,
,,Lab,WTSP80,Zonotrichia.albicollis_Mar272021_1200SGreenAveSpringfield_AL_a,2021,3/27/21,,Missouri,37.192767,-93.277267,,,AL,,,
,,Lab,WTSP23,Zonotrichia.albicollis_Apr42021_529WNormalStSpringfield_AL_a,2021,4/4/21,,Missouri,37.196038,-93.297403,,,AL,,,
,,Lab,WTSP16,Zonotrichia.albicollis_Apr92021_1344SFlorenceAveSpringfield_ARP_a,2021,4/9/21,,Missouri,37.189872,-93.277949,,,ARP,,,
,,Lab,WTSP9,Zonotrichia.albicollis_Apr112021_LakeThunderbirdStateParkNorman_ZHV_b,2021,4/11/21,,Oklahoma,35.229334,-97.247234,,,ZHV,,,
,,Lab,WTSP70,Zonotrichia.albicollis_Apr42021_1455EMeadowmereStSpringfield_JPM_a,2021,4/4/21,,Missouri,37.191003,-93.269599,,,JPM,,,
,,Lab,WTSP61,Zonotrichia.albicollis_Apr42021_1334EDelmarStSpringfield_JPM_a,2021,4/4/21,,Missouri,37.195107,-93.272573,,,JPM,,,
,,Lab,WTSP32,Zonotrichia.albicollis_Apr42021_811SPickwickAveSpringfield_JPM_a,2021,4/4/21,,Missouri,37.199777,-93.270495,,,JPM,,,
,,Lab,WTSP46,Zonotrichia.albicollis_Apr42021_1471EMeadowmereStSpringfield_JPM_a,2021,4/4/21,,Missouri,37.190937,-93.268463,,,JPM,,,
,,Lab,WTSP71,Zonotrichia.albicollis_Apr52021_CommunityGardenSpringfield_ARP_a,2021,4/5/21,,Missouri,37.189675,-93.281487,,,ARP,,,
,,Lab,WTSP55,Zonotrichia.albicollis_Apr42021_Delaware-FairwayAlleySpringfield_JPM_a,2021,4/4/21,,Missouri,37.198151,-93.266132,,,JPM,,,
,,Lab,WTSP83,Zonotrichia.albicollis_Apr42021_848SDelawareAveSpringfield_JPM_a,2021,4/4/21,,Missouri,37.198641,-93.266678,,,JPM,,,
,,Lab,WTSP54,Zonotrichia.albicollis_Apr112021_BennettSpringStateParkLebanon_SG_c,2021,4/11/21,,Missouri,37.7,-92.8,,,SG,,,
,,Lab,WTSP50,Zonotrichia.albicolis_Apr42021_1337EDelmarStSpringfield_JPM_a,2021,4/4/21,,Missouri,37.195358,-93.272429,,,JPM,,,
,,Lab,WTSP68,Zonotrichia.albicollis_Apr192021_StCharles_SG_e,2021,4/19/21,,Missouri,38.8,-90.5,,,SG,,,
,,Lab,WTSP40,Zonotrichia.albicollis_Apr42021_833SFremontAveSpringfield_JPM_a,2021,4/4/21,,Missouri,37.199191,-93.271313,,,JPM,,,