"","file.name","max_min_ratio","log_max_min_ratio","min_max_ratio","note_number","mid_to_long_ratio","max_mean_dur","min_mean_dur","med_note_durs","long_note_durs","short_note_durs","max_note_dur","max_onset_interval_dur","PC1","PC2","PC3","PC4"
"1","ML15562_terminal_strophes.wav",1.15315315315315,0.142500062607283,0.8671875,6,0.911646586345382,0.184030894847181,0.15958929162529,0.122387733780205,0.134249100049652,0.0841078699106256,0.140179783184376,0.292220932638199,-0.546524919461197,0.944848649224444,0.0224804205155614,-0.628396469242735
"2","ML15563_terminal_strophes.wav",1.32506887052342,0.281464435840911,0.754677754677755,6,0.743396226415095,0.173150941619586,0.130673163841808,0.106374435028249,0.143092514124294,0.0896353107344633,0.144712429378531,0.252706779661017,-0.851230005656039,-0.459485026758963,-0.581156993366949,-0.366676444467245
"3","ML15564_terminal_strophes.wav",1.27030303030303,0.239255478546306,0.787213740458015,6,0.814432989690722,0.188346126096126,0.148268658424908,0.127780625624376,0.156895198551449,0.102440164002664,0.157434357309357,0.269579378954379,-0.487003302796213,0.0346648798870852,-0.26930679372115,-0.272432854689698
"4","ML15565_terminal_strophes.wav",1.01736111111111,0.0172121288811203,0.982935153583619,9,0.724050632911393,0.157473935185185,0.154786666666667,0.10247450617284,0.141529475308642,0.0931586419753087,0.150487037037037,0.276251203703704,-1.19098855236179,-0.210051849502307,0.772961496118347,-0.5956476323865
"5","ML15568_terminal_strophes.wav",1.12470023980815,0.117516546647477,0.889125799573562,12,0.980932203389831,0.167675080055586,0.149084239622984,0.124147487311945,0.126560721406561,0.0976019122711619,0.132996012325539,0.241323409461664,-1.26584281685128,1.2671837318872,-0.41466779263948,0.15428771971302
"6","ML15570_terminal_strophes.wav",1.07649253731343,0.0737081054372982,0.928942807625649,9,0.861671469740634,0.155104492696922,0.144083202921231,0.107166362371761,0.12437032689967,0.0956970526864893,0.127954486176317,0.220425795513824,-1.85861159668986,0.508430850081948,-0.284388047967135,0.152966348312975
"7","ML15571_terminal_strophes.wav",1.03225806451613,0.0317486983145805,0.96875,9,0.932258064516129,0.146339707078926,0.14176659123271,0.103657292514239,0.111189483319772,0.0746045565500407,0.111906834825061,0.233497914971522,-1.93456826405509,1.1503604308589,-0.21713508099603,-0.113081310804716
"8","ML15572_terminal_strophes.wav",1.07758620689655,0.074723546195937,0.928,9,0.948640483383685,0.167892211107177,0.15580397190746,0.112465395813661,0.118554286669814,0.0863189821372364,0.130015728281398,0.318055004721435,-0.489146655665379,1.41695500676231,0.382064953053546,-1.05672105630944
"9","ML15573_terminal_strophes.wav",1.08333333333333,0.0800427076735366,0.923076923076923,9,0.793201133144476,0.167674711815562,0.154776657060519,0.100318203650336,0.126472592459174,0.0834790766090298,0.147252791786744,0.317077179394813,-0.452118040052465,0.31923099665233,0.690212992371363,-1.11176104522004
"10","ML15574_terminal_strophes.wav",1.38888888888889,0.328504066972036,0.72,6,0.985981308411215,0.16189398364486,0.116563668224299,0.113865435163551,0.115484375,0.0804073452102804,0.118722254672897,0.223413697429907,-1.15955356113196,1.07499749718328,-1.49734480178772,0.16695119384127
"11","ML15575_terminal_strophes.wav",1.256038647343,0.227962837750159,0.796153846153846,6,0.707446808510638,0.140725446428571,0.112039105425824,0.0719864783653846,0.101755322802198,0.0633264508928572,0.109332846840659,0.184025583791209,-2.34332685340944,-0.698085416607476,-1.18003261528575,0.0566660153929927
"12","ML15576_terminal_strophes.wav",1.40579710144928,0.340604473906123,0.711340206185567,6,0.924901185770751,0.17436820070896,0.124035111844518,0.126192244224422,0.13643862302897,0.100306655665567,0.136977906123946,0.272877246057939,-0.346337119277482,0.758650566615217,-0.921081641936299,-0.413805898137276
"13","ML15578_terminal_strophes.wav",1.40840840840841,0.342460278465836,0.71002132196162,6,0.789237668161435,0.168678738832264,0.119765501132503,0.0949492261230653,0.120304985371838,0.0782252147036618,0.140265902227256,0.262189340317101,-0.598498376626726,-0.1687594020333,-0.816657875210065,-0.488504589570302
"14","ML15580_terminal_strophes.wav",1.01115241635688,0.0110906866941579,0.988970588235294,9,0.91640866873065,0.146322389240506,0.144708539359177,0.10615545886076,0.115838558148734,0.0824856606012658,0.12050079113924,0.222711283623418,-2.04073616077,0.990478302717247,-0.109640420875981,0.141649869635038
"15","ML15581_terminal_strophes.wav",1.15686274509804,0.145711811181394,0.864406779661017,6,0.888392857142857,0.169795415437561,0.146772308259587,0.107381210822271,0.120871312684366,0.0669109052359882,0.129504977876106,0.239584209070796,-1.36939263966801,0.653131136633168,-0.464720034110526,-0.0674385683697992
"16","ML15582_terminal_strophes.wav",1.52777777777778,0.42381424677636,0.654545454545455,6,0.758620689655173,0.158551935394041,0.103779448621554,0.0832397660818714,0.10972514619883,0.0697268170426065,0.123238095238095,0.262691729323308,-0.680340136881208,-0.348063684458584,-1.19043556529251,-0.821625528334467
"17","ML15584_terminal_strophes.wav",1.32426303854875,0.280856107381381,0.75513698630137,6,0.978448275862069,0.209795685412085,0.158424481621112,0.122320943292491,0.125015237197612,0.0878339813069431,0.127170672321709,0.328703856424756,0.166443016106407,1.42313390655398,-0.427188477800433,-1.24354294760581
"18","ML15590_terminal_strophes.wav",1.06942148760331,0.0671178364700592,0.935085007727975,9,0.840540540540541,0.173759339448237,0.162479753270762,0.111363533371255,0.132490377322715,0.0941755925293894,0.139652019340159,0.266413083048919,-1.17026692183876,0.490502499787912,0.230239454016766,-0.386304391578279
"19","ML15592_terminal_strophes.wav",1.28333333333333,0.249460859631583,0.779220779220779,6,0.978632478632479,0.1661283632287,0.12945067264574,0.123517516816144,0.126214405829596,0.0889973374439462,0.127293161434978,0.244877522421525,-0.965307633883399,1.14408434411179,-0.962220706809546,-0.0176138472817533
"20","ML15593_terminal_strophes.wav",1.48214285714286,0.393488917061448,0.674698795180723,6,0.892561983471075,0.179086689939134,0.120829573934837,0.116514232008593,0.130539093268886,0.0890039272287863,0.131617928750448,0.286970238095238,-0.165176164953471,0.582401984124078,-0.994958982721611,-0.77301809535123
"21","ML15599_terminal_strophes.wav",1.07556270096463,0.0728439673890486,0.929745889387145,9,0.89556135770235,0.179676840049342,0.167053803453947,0.122828412828947,0.137152425986842,0.0859440789473685,0.140733429276316,0.315844490131579,-0.448518908573674,1.01385796801862,0.531254771344106,-0.977268296657433
"22","ML15600_terminal_strophes.wav",1.39495798319328,0.332864295245013,0.716867469879518,6,1,0.178997690027894,0.128317621164575,0.127778471495816,0.127778471495816,0.0889596953451882,0.131552519177127,0.27712292974198,-0.2886845335644,1.29184045003235,-1.00021355355593,-0.398986516611202
"23","ML15601_terminal_strophes.wav",1.37435897435897,0.31798742194711,0.727611940298507,6,0.87984496124031,0.192717076023392,0.140223245614035,0.122425679824561,0.139144605263158,0.0873698684210527,0.142380526315789,0.289075614035088,-0.175193132611173,0.524338014319377,-0.615018915861254,-0.657752845806592
"24","ML15602_terminal_strophes.wav",1.12771739130435,0.120195582061767,0.886746987951808,12,0.910476190476191,0.177943570843571,0.157790925470926,0.128097932022932,0.140693335380835,0.0921876330876331,0.150072891072891,0.279778746928747,-0.637310497126393,0.864798617919946,0.107365198016124,-0.30104410214475
"25","ML15606_terminal_strophes.wav",1.297845373891,0.260705484753579,0.7705078125,6,0.984732824427481,0.183957495957496,0.141740687803188,0.139045997920998,0.14120174982675,0.0803017584892585,0.151980509355509,0.281325623700624,-0.153245937038627,1.17430179405528,-0.513192230807733,-0.179150077421353
"26","ML15607_terminal_strophes.wav",1.12249544626594,0.11555428384737,0.890872210953347,12,0.887619047619048,0.176228900833188,0.15699743051914,0.124933064586611,0.140750770188778,0.0865952357542388,0.149061768047544,0.282037733787799,-0.661640105081686,0.73814647680617,0.163786097243856,-0.393910399093555
"27","ML15608_terminal_strophes.wav",1.21598002496879,0.195550356574176,0.822381930184805,6,0.936440677966102,0.175076210635769,0.143979512032086,0.119174053030303,0.127262789661319,0.066866889483066,0.130498284313725,0.22540612745098,-1.35150433902334,0.844023867187164,-0.826814513651532,0.238201305247466
"28","ML15610_terminal_strophes.wav",1.04475308641975,0.04378057656,0.957163958641064,18,0.966896551724137,0.161109987164704,0.154208673091179,0.12511606462606,0.129399638878593,0.0869208608743102,0.131719908265382,0.2388092645787,-1.53620410363171,1.26916474962789,-0.101171670316911,0.164072223933809
"29","ML18735_terminal_strophes.wav",1.07814992025518,0.0752465354100432,0.927514792899408,9,0.949602122015915,0.181539762693157,0.168380815397351,0.128187840323767,0.134991105592347,0.0508454562178072,0.15575896799117,0.280366142384106,-0.632780032531668,1.14324118688061,0.309775063137377,-0.135060906348599
"30","ML26122_terminal_strophes.wav",1.62154294032023,0.48337812826488,0.616696588868941,6,0.795918367346939,0.200235216521106,0.123484375,0.0841203602620088,0.105689683406114,0.072257232532751,0.116474344978166,0.334324508733624,0.298367572200648,0.141925858474296,-0.919847142616248,-1.89438350127211
"31","ML36984_terminal_strophes.wav",1.08603896103896,0.0825370965947092,0.920777279521674,9,0.930851063829787,0.179650343113084,0.1654179541968,0.125316631967273,0.134625867484842,0.059435888304478,0.135341962524655,0.257794214332676,-1.18296324548532,1.03949906052601,-0.0530574727931123,-0.143527414887777
"32","ML66742_terminal_strophes.wav",1.33900709219858,0.291928363333232,0.746822033898305,6,0.7,0.169762891508872,0.126782667917113,0.105742140050018,0.151060200071454,0.0884781171847089,0.153218202929618,0.27946137013219,-0.431833576217377,-0.693902578493276,-0.284010202159706,-0.722734348349544
"33","ML66745_terminal_strophes.wav",1.03962264150943,0.0388578026067469,0.961887477313975,9,0.935975609756097,0.148112051996725,0.142467128054926,0.110031215881414,0.117557781137146,0.058062074829932,0.120425044091711,0.210743827160494,-2.08792924827485,1.03386079482775,-0.3573505012678,0.346052059254166
"34","ML66752_terminal_strophes.wav",1.234375,0.21056476910735,0.810126582278481,6,0.903930131004367,0.17041717948718,0.138059487179487,0.111634038461538,0.123498525641026,0.079815641025641,0.12403782051282,0.25239,-1.09511710202179,0.754525190367777,-0.692632239118089,-0.317054344589155
"35","ML66753_terminal_strophes.wav",1.01919087136929,0.0190090491328706,0.98117048346056,8,0.955752212389381,0.176008337220149,0.172694185323383,0.116084888059702,0.121459188432836,0.077031638681592,0.122534048507463,0.264415578358209,-1.41597707535867,1.37614918175842,0.146857869304026,-0.356140007312958
"36","ML66756_terminal_strophes.wav",1.13004172461752,0.122254556482846,0.884923076923077,12,0.93812375249501,0.174296915711308,0.154239362949453,0.12603007751433,0.134342699648254,0.0884892033611256,0.143727918186556,0.271366890307452,-0.786538048521407,1.04189274209007,-0.055722305955977,-0.214958479714886
"37","ML66757_terminal_strophes.wav",1.05163511187608,0.0503462023196844,0.950900163666121,9,0.81203007518797,0.164149655963303,0.156089934721242,0.116059985885674,0.14292572335921,0.093492766407904,0.155821277346507,0.288000705716302,-0.771325707562424,0.323618097003954,0.649619091222127,-0.518864055176048
"38","ML66758_terminal_strophes.wav",1.55357142857143,0.440556427919435,0.64367816091954,6,0.833333333333333,0.187670897435897,0.120799658119658,0.113249679487179,0.135899615384615,0.0787354914529915,0.140213888888889,0.300920576923077,0.144184117195517,0.166291429792312,-0.888637268119858,-0.981237623282389
"39","ML66759_terminal_strophes.wav",1.01309328968903,0.0130083135130012,0.987075928917609,9,0.893150684931507,0.16620609303653,0.164058033675799,0.116711225266362,0.130673611111111,0.0819842656012176,0.140697888127854,0.2878399543379,-0.979258131542868,0.973537588918058,0.591767354294182,-0.559059966855565
"40","ML66760_terminal_strophes.wav",1.04869565217391,0.0475471559298354,0.953565505804311,9,0.80672268907563,0.162053452115813,0.15452858203415,0.103198218262806,0.12792279138827,0.0820569166048008,0.128997772828508,0.240795842613215,-1.72776647041503,0.261425160933371,0.0683295356729534,-0.232357593004081
"41","ML66761_terminal_strophes.wav",1.06813996316759,0.0659187836065297,0.936206896551724,12,0.947963800904977,0.16591251562221,0.155328441349759,0.112366396625603,0.11853448044992,0.0667762118371719,0.12121625602571,0.211323915372255,-1.9785298583653,1.07287750968145,-0.483997040459882,0.365858471582946
"42","ML66764_terminal_strophes.wav",1.0959595959596,0.0916303228459244,0.912442396313364,9,0.856697819314641,0.174878004807692,0.159566105769231,0.0984975961538461,0.114973557692308,0.0741418269230769,0.132165865384615,0.330951923076923,-0.361915355685232,0.843712003626258,0.538231915953574,-1.4051757160587
"43","ML66765_terminal_strophes.wav",1.0169779286927,0.0168354144638624,0.98330550918197,9,0.908814589665654,0.160883590799103,0.158197721169736,0.107076669224111,0.11782014774158,0.0687582625118036,0.131070437913126,0.253546093012276,-1.50674829280935,0.992293598690299,0.204129195972266,-0.169959319723922
"44","ML66768_terminal_strophes.wav",1.07728337236534,0.0744424762545162,0.928260869565217,12,0.85387323943662,0.197198068734793,0.183051250760341,0.129947096924422,0.152185466088808,0.0680547682861921,0.1746917674118,0.262573515434915,-0.732079473950995,0.36351253568783,0.45651213946769,0.202125812775211
"45","ML66769_terminal_strophes.wav",1.13555555555556,0.127122007439339,0.880626223091977,6,0.816608996539792,0.183651488095238,0.161728316326531,0.127226275510204,0.155798278061224,0.0765514030612245,0.162806505102041,0.228576020408163,-1.21612550091899,-0.0039176079561225,-0.0948849290627593,0.432958353590982
"46","ML66770_terminal_strophes.wav",1.29024081115336,0.254828876264594,0.775049115913556,6,0.88663967611336,0.18284154040404,0.141711174242424,0.118002840909091,0.133089962121212,0.0813626893939394,0.134706439393939,0.272645833333333,-0.6166634154375,0.613507808022122,-0.589816790424574,-0.502339361292192
"47","ML66771_terminal_strophes.wav",1.19030303030303,0.174207922019785,0.840122199592668,6,0.875,0.176362368711996,0.148165941127695,0.120687893864013,0.137929021558872,0.0862056384742952,0.147627155887231,0.258616915422886,-0.838537599616838,0.507346697863928,-0.259364719474799,-0.115809834535848
"48","ML66772_terminal_strophes.wav",1.44939271255061,0.371144649772723,0.689944134078212,6,0.962441314553991,0.192880161127895,0.133076535750252,0.110448136958711,0.1147583081571,0.0888972809667674,0.131460221550856,0.30171198388721,0.0573910933219053,1.10651355628669,-0.893549333406588,-0.841963588716357
"49","ML66774_terminal_strophes.wav",1.38866930171278,0.328345951705678,0.72011385199241,6,0.942028985507247,0.189257365319865,0.136286850358423,0.140057632779407,0.14867656402737,0.0867279956826328,0.154063396057348,0.29519839524275,0.149777035339533,0.871815182273521,-0.577448196869237,-0.452658166907504
"50","ML66776_terminal_strophes.wav",1.05226480836237,0.0509448016152492,0.950331125827814,9,0.906432748538012,0.16226536119151,0.154205823383985,0.111042520903682,0.122504974674385,0.0859684032802701,0.125728789797395,0.268651260250844,-1.2875855681377,1.01647883499634,0.119424713740014,-0.481317922028197
"51","ML66777_terminal_strophes.wav",1.47679324894515,0.389873013348328,0.677142857142857,6,0.892857142857143,0.188669098984772,0.127755932741117,0.121287277918782,0.135841751269036,0.100264149746193,0.145544733502538,0.293245685279188,0.0861450005950782,0.536185029593487,-0.813497363491127,-0.661032141261072
"52","ML66778_terminal_strophes.wav",1.3997113997114,0.336266072307525,0.714432989690722,6,0.883620689655172,0.174388417952398,0.124588838805167,0.110565852619304,0.1251281844277,0.085216608360244,0.128364258162899,0.276144958736993,-0.474608134583768,0.557357244578364,-0.905556179335096,-0.669362295220761
"53","ML66779_terminal_strophes.wav",1.3834808259587,0.324602661065829,0.722814498933902,6,0.9625,0.168654743886515,0.121906094195157,0.12460313167735,0.129457799145299,0.0900810519052706,0.129457799145299,0.265388488247863,-0.527135106776057,1.02761400508637,-1.03542146609839,-0.333821022289871
"54","ML66780_terminal_strophes.wav",1.04643449419569,0.0453886658140275,0.955625990491284,9,0.827956989247311,0.169479103322072,0.16195863597973,0.110300187687688,0.133219707207207,0.0884550206456456,0.151483699324324,0.309413513513513,-0.551164012162059,0.535346175743325,0.781622271130935,-0.858503976251913
"55","ML66783_terminal_strophes.wav",1.0936329588015,0.0895051438680328,0.914383561643835,6,0.714285714285714,0.157571095571096,0.14408041958042,0.0971328671328671,0.135986013986014,0.0831025641025641,0.141382284382284,0.208296037296037,-1.97290117937527,-0.572262643303919,-0.152236533697571,0.218146122236966
"56","ML66786_terminal_strophes.wav",1.3531914893617,0.302465868636018,0.738993710691824,6,0.904214559386973,0.171552083333333,0.126775910639413,0.127315382599581,0.140802181603774,0.0868549855870021,0.142420597484277,0.267578092243187,-0.451783081600891,0.615560773030526,-0.756751904648939,-0.292001630872353
"57","ML66788_terminal_strophes.wav",1.0171875,0.0170414658548521,0.983102918586789,9,0.848314606741573,0.174796585648148,0.1718430335097,0.108117908583186,0.127450249853028,0.0780453777189888,0.135326388888889,0.313613536155203,-0.764005825684971,0.806281663283714,0.780848599083598,-1.10365928752814
"58","ML66789_terminal_strophes.wav",1.34421768707483,0.295812198535031,0.743927125506073,6,0.919230769230769,0.177491173416407,0.132040498442368,0.128806853582555,0.1401246105919,0.0921588785046729,0.1401246105919,0.273781931464174,-0.399594867263275,0.753986820032369,-0.723092470955723,-0.383145123875989
"59","ML66791_terminal_strophes.wav",1.26410256410256,0.234362434918998,0.791075050709939,6,0.935483870967742,0.17717801994302,0.140161111111111,0.125066837606838,0.133692136752137,0.0706196367521368,0.134770299145299,0.244742863247863,-0.958597364344886,0.843717601231331,-0.788618081729666,0.00809120593417054
"60","ML66792_terminal_strophes.wav",1.01990950226244,0.0197139000879226,0.980479148181012,15,0.927556818181818,0.172441037735849,0.169074841790695,0.139880742411813,0.150805578342904,0.0895408121410993,0.164943601312551,0.273120898277277,-0.792778952873248,0.999144714084546,0.614889468710197,0.0740168686498373
"61","ML66793_terminal_strophes.wav",1.1175468483816,0.111135969115993,0.894817073170731,9,0.834254143646409,0.176242032111191,0.157704379343398,0.108181084751178,0.129674015496445,0.0573144819873792,0.132181524083393,0.223526479750779,-1.69507263360485,0.274547383779574,-0.35412469635333,0.102951196293505
"62","ML73982_terminal_strophes.wav",1.34082397003745,0.29328432800045,0.745810055865922,6,0.867595818815331,0.192927448281615,0.143887230980981,0.134186968218218,0.154665300717384,0.0786799090757424,0.158437625125125,0.298552531698365,0.0813999556448639,0.420188758701949,-0.299110244803465,-0.582255552143453
"63","ML73984_terminal_strophes.wav",1.43466666666667,0.360932534191374,0.697026022304833,6,0.780575539568346,0.193451410522672,0.134840667185877,0.117041699117342,0.149942821910696,0.0873767523364486,0.153178997923157,0.282626038421599,-0.145168475607421,-0.235364025992065,-0.597247480770645,-0.619649585630383
"64","ML73990_terminal_strophes.wav",1.15094339622642,0.14058195062119,0.868852459016393,9,0.95679012345679,0.196475007896399,0.170707793746052,0.166413258054327,0.173928695514845,0.0597656217098337,0.181444132975363,0.264113945041061,-0.3228545947187,0.909070577436557,0.116381422549017,0.46988961397736
"65","ML77095_terminal_strophes.wav",1.17202572347267,0.158733639269479,0.853223593964335,9,0.957816377171216,0.195613057627893,0.166901676055623,0.138100850927054,0.144183012755447,0.0543816822303424,0.155631787961835,0.27369728227771,-0.484798624754153,1.06861322384559,-0.110297878475826,-0.0456681316072151
"66","ML84752_terminal_strophes.wav",1.17377049180328,0.160221209793288,0.85195530726257,6,0.957894736842105,0.192774025069638,0.164234853760446,0.147003655988858,0.153465355153203,0.0694632660167131,0.156157729805014,0.273545264623955,-0.476045007566745,1.06395976533791,-0.113091314329486,-0.0360650326880438
"67","ML98806_terminal_strophes.wav",1.3184634448575,0.276467001631641,0.758458646616541,6,0.875838926174497,0.191215932914046,0.145029377689507,0.140716236345581,0.160664515061238,0.0792539721946375,0.166055941741145,0.291137040714995,0.0571752402593444,0.421792509374033,-0.239645107352967,-0.343656258944799
"68","ML98816_terminal_strophes.wav",1.24561403508772,0.219628609206765,0.802816901408451,6,0.996655518394649,0.203882334869432,0.163680184331797,0.16044965437788,0.160988076036866,0.0635337557603687,0.16475702764977,0.283209792626728,-0.0484002990914886,1.2336676631417,-0.246483507752952,0.0126216647862966
"69","ML100883_terminal_strophes.wav",1.36101499423299,0.308230740679169,0.734745762711864,6,0.972508591065292,0.211506644880174,0.155403611111111,0.152177238562092,0.156479068627451,0.0618388071895425,0.16239408496732,0.305429934640523,0.378793409864616,1.08048950807884,-0.392141357276278,-0.413840886183392
"70","ML107292_terminal_strophes.wav",1.09586776859504,0.0915465321550208,0.912518853695324,9,0.65974025974026,0.178093705985915,0.16251386443662,0.0909719483568075,0.137890551643192,0.0734222417840376,0.14720264084507,0.249277464788732,-1.4394340537265,-0.802150645179727,0.274495726592492,-0.404245327925733
"71","ML117995_terminal_strophes.wav",1.00923076923077,0.00918842605440617,0.990853658536586,9,0.833333333333334,0.176094123931624,0.174483506944444,0.109164040242165,0.130996848290598,0.0529714031339031,0.140660550213675,0.273804887820513,-1.24068233377248,0.543858210744032,0.573343313023627,-0.47693208337863
"72","ML136579_terminal_strophes.wav",1.19962859795729,0.182012007186159,0.83359133126935,6,0.977653631284916,0.231528654739981,0.193000279531702,0.188161832412523,0.192462674296238,0.0650502334911865,0.194613095238095,0.295682879505393,0.377326499646914,1.04069696124191,0.281570205642165,0.234496265161418
"73","ML140282_terminal_strophes.wav",1.16954022988506,0.156610705668121,0.855036855036855,9,0.941767068273093,0.218401213768116,0.186741086956522,0.167780785024155,0.178155289855072,0.0593850966183575,0.193180434782609,0.267232934782609,-0.108984921331431,0.74230917151563,0.194722593337686,0.559789193521484
"74","ML146267_terminal_strophes.wav",2.77666666666667,1.02125116751064,0.360144057623049,7,0.772635814889336,0.298433192940233,0.107478941034898,0.137573044524669,0.178056778981147,0.133811281588448,0.25257551143201,0.321362033694344,2.62885854671537,-1.14320125892143,-1.04020977774631,0.140456982387821
"75","ML169021_terminal_strophes.wav",1.15893108298172,0.14749810010623,0.862864077669903,9,0.814678899082568,0.221001435969868,0.190694200211864,0.158777730696798,0.194896088355305,0.0593628452605148,0.209200388418079,0.277861028719397,0.0549096502877785,-0.106471688010603,0.609256868723382,0.380414097357941
"76","ML205319_terminal_strophes.wav",1.30685920577617,0.267626705638433,0.765193370165746,6,0.777777777777778,0.19498452436016,0.149200865325316,0.120653407338884,0.155125809435708,0.0635584913660192,0.158357597132285,0.269315641381437,-0.456117481368797,-0.236332359252885,-0.324529562028135,-0.336702363278709
"77","ML219798_terminal_strophes.wav",1.07561728395062,0.07289471440825,0.929698708751793,9,0.909535452322738,0.187192997685185,0.174033088235294,0.133210511982571,0.146459944625999,0.0619500499273783,0.154696078431373,0.292203703703704,-0.551386053207496,0.939827932816131,0.451832892425471,-0.403414224046348
"78","ML219799_terminal_strophes.wav",1.16237942122186,0.150469129419585,0.86030428769018,9,0.896551724137931,0.194110888702995,0.166994429838538,0.139609491183344,0.155718278627576,0.067298934211458,0.158940036116422,0.267405871574251,-0.616945210073648,0.64516336104228,-0.0217478730721399,-0.0294253026934043
"79","ML224605_terminal_strophes.wav",1.31656184486373,0.275023675579857,0.759554140127389,6,0.961414790996785,0.225382222222222,0.17119,0.160961666666667,0.167421666666667,0.0748283333333333,0.173343333333333,0.327306666666667,0.708139937355981,1.06666527749684,0.00604495827558123,-0.587936727776282
"80","ML224609_terminal_strophes.wav",1.17234262125903,0.15900398739033,0.852992957746479,6,0.975757575757576,0.203742136527413,0.173790607654105,0.173252556237219,0.177556967572305,0.0656422728600643,0.184013584574934,0.270101811276658,-0.143409179949067,1.01697661616774,0.0859710581079716,0.454174874849518
"81","ML27192071_terminal_strophes.wav",1.9002849002849,0.642003822449758,0.52623688155922,6,0.869402985074627,0.239547438937957,0.126058697252208,0.125519984870788,0.144374918220478,0.098045653418384,0.231646324010468,0.29844665930651,1.68521216561734,-0.266819224056518,-0.720053321570407,0.417384819319774
"82","ML27522691_terminal_strophes.wav",1.26458333333333,0.234742687157562,0.790774299835255,6,0.909574468085106,0.217763762417219,0.172201986754967,0.184040873344371,0.202337334437086,0.0947110927152318,0.204489859271523,0.314268625827815,0.786754314316791,0.562024542534008,0.389153751562748,-0.0440615541910905
"83","ML31612451_terminal_strophes_triplet.wav",1.1244323342416,0.117278316521862,0.889337641357027,6,0.872773536895674,0.221785623689728,0.19724230345912,0.184343624213836,0.211215872641509,0.058581501572327,0.217127767295598,0.276246713836478,0.126303661910366,0.253245494799597,0.722257402505215,0.645254823022026
"84","ML34904071_terminal_strophes.wav",2.00826446280992,0.697270897743807,0.497942386831276,5,0.891025641025641,0.262045125,0.130483375,0.149894125,0.1682265,0.1250915,0.231850625,0.2803775,1.57052182536909,-0.236249200741769,-1.02108430065966,0.718229208542242
"85","ML38458241_terminal_strophes.wav",1.8372513562387,0.608270626616092,0.544291338582677,9,0.896464646464647,0.272478604843148,0.148307744565217,0.126942132177582,0.141603054485415,0.0997657883874518,0.209186330489818,0.314315870941112,1.5755697026664,0.111420595514568,-0.738461937145054,-0.0775532065199599
"86","ML39355611_terminal_strophes_doublet.wav",2.5,0.916290731874155,0.4,5,0.579831932773109,0.298887910798122,0.119555164319249,0.148636150234742,0.256343505477308,0.132480046948357,0.256343505477308,0.301580594679186,2.07484907534375,-2.41566357690445,-0.734781545082588,0.100368061129768
"87","ML39355641_terminal_strophes.wav",1.21212121212121,0.192371892647456,0.825,6,0.815718157181572,0.243688378033206,0.201042911877395,0.161801915708812,0.198355172413793,0.0553674329501916,0.199967816091954,0.306402298850575,0.412994728514588,0.003917871055338,0.567444235166838,-0.17677891404743
"88","ML39901471_terminal_strophes.wav",1.16276041666667,0.150796847728827,0.860022396416573,9,0.91958041958042,0.239405737615559,0.20589429618001,0.188021527414385,0.20446447467876,0.0611248691784406,0.211256126809698,0.297045416884703,0.458816982843834,0.621325089058208,0.634883969609424,0.345138521796221
"89","ML39908121_terminal_strophes.wav",1.26940639269406,0.238549383874136,0.787769784172662,6,0.905084745762712,0.199696814743795,0.157315116650687,0.143846356663471,0.158931367849153,0.045255033557047,0.159470118248642,0.279072706935123,-0.233384738646772,0.639926922666903,-0.285503082442871,-0.195433208577016
"90","ML41694471_terminal_strophes.wav",1.16977777777778,0.156813797246742,0.854863221884498,6,0.862068965517241,0.235784696329439,0.201563665175242,0.188126087496893,0.218226261496396,0.0666503852846135,0.223601292567736,0.304226758637832,0.654717312354121,0.206606328984425,0.843462406966923,0.300737525517654
"91","ML49064811_terminal_strophes.wav",1.31175468483816,0.271365695019633,0.762337662337662,11,0.780656303972365,0.165457410514541,0.126134415548098,0.0809380406413124,0.103679481263982,0.0491537437080536,0.246037318232662,0.321245232102908,1.33960051839309,-0.499689278568027,0.825528599341528,0.184675034127393
"92","ML51018801_terminal_strophes.wav",1.13904494382023,0.130190142703437,0.877928483353884,9,0.672032193158953,0.217594980557196,0.191032831265997,0.119484954387347,0.177796474043447,0.0533031682745947,0.183520304193739,0.26615810198858,-0.640079576717553,-0.903804433338507,0.540766216616093,-0.108478533191312
"93","ML52577121_terminal_strophes.wav",1.06289308176101,0.0609945127028415,0.940828402366864,6,0.730414746543778,0.242330334961021,0.227991261886405,0.170455731174505,0.233368414289386,0.0806572860447186,0.233368414289386,0.311874839372912,0.459332671662006,-0.540573231157034,1.56154664612915,0.088195162080956
"94","ML52837721_terminal_strophes.wav",1.25609756097561,0.228009740965382,0.796116504854369,7,0.970304975922953,0.258096064814815,0.205474537037037,0.216392609126984,0.223015046296296,0.0708779761904762,0.246999007936508,0.324320436507936,1.5169917028848,0.766833086574243,0.789227661219549,0.55140433773356
"95","ML54188011_terminal_strophes.wav",1.03328173374613,0.0327398864918031,0.967790262172284,12,0.529411764705882,0.143391653354633,0.138773045793397,0.0700846845047923,0.132382181842386,0.0655197816826411,0.146076890308839,0.166484691160809,-2.82515933008606,-1.86243578136361,0.0454878927192999,0.531456238477585
"96","ML54340501_terminal_strophes.wav",1.34101382488479,0.293425913631033,0.745704467353952,7,0.994428969359332,0.208860897435897,0.155748504273504,0.128115705128205,0.12883344017094,0.0484471153846154,0.244388782051282,0.317597756410256,1.57947748000081,0.84025222755005,0.442524030197079,0.645276664489447
"97","ML54554911_terminal_strophes.wav",1.89968652037618,0.64168888328447,0.526402640264026,7,0.655138339920949,0.217429373771413,0.114455396424225,0.118940325751194,0.181549939155668,0.060277450154451,0.209894692502106,0.270172142656557,0.789804507910419,-1.62602350359631,-0.867555101352194,0.0751645534619441
"98","ML54838341_terminal_strophes.wav",2.7420814479638,1.00871728455156,0.364686468646865,5,0.71889400921659,0.326183697514996,0.118954780776921,0.16793616109683,0.233603506141103,0.161477077977721,0.282046629534419,0.352020029991431,3.31715552386059,-1.52484018048133,-0.45793442709879,0.0140206186306082
"99","ML55055931_terminal_strophes.wav",1.23458646616541,0.210736068796574,0.809987819732034,9,0.957173447537473,0.22025624938941,0.178404879225283,0.159893696268074,0.16704777663801,0.0565172349224958,0.181355937377882,0.261839341539664,-0.174717727339377,0.821916684478887,-0.185499558242295,0.484718477491357
"100","ML55593151_terminal_strophes.wav",1.15775401069519,0.146481930587957,0.863741339491917,9,0.874306839186691,0.23226015155532,0.200612694414988,0.169144036467539,0.193460726699658,0.0640101110521975,0.210267850830682,0.283217921527041,0.205467329688843,0.290507753392561,0.591797530676083,0.440162199185866
"101","ML56021031_terminal_strophes.wav",1.3024154589372,0.264220585772783,0.76780415430267,6,0.926553672316384,0.241549841636706,0.185462971879815,0.176324216743708,0.190301136363636,0.0585955476373909,0.196752022342065,0.325769741910632,0.922617155051041,0.723386097245573,0.280076175270152,-0.295280362119369
"102","ML56998831_terminal_strophes.wav",1.01826196473552,0.0180972177700259,0.982065553494125,8,0.52051282051282,0.145044240525216,0.142442952352532,0.0728360688351735,0.139931363772008,0.0618927185914652,0.16038287078484,0.171146821844226,-2.6361343740407,-1.9591420006208,0.285780001894876,0.657127574727769
"103","ML93491201_terminal_strophes.wav",1.01235741444867,0.0122816848458702,0.987793427230047,6,0.759668508287293,0.191197001233426,0.188863141124473,0.148110353068147,0.194967082947888,0.0570898088189948,0.20143008017268,0.263905720012334,-0.664588871897684,-0.29557543457942,1.10063133913454,0.395595109572148
"104","ML93553411_terminal_strophes.wav",1.01542776998598,0.0153099719714207,0.984806629834254,11,0.491606714628298,0.155419322067994,0.153057978776906,0.0550085653037619,0.111895471861798,0.0493735415409375,0.114847150975659,0.182467436129551,-3.12089323075372,-1.85305825515156,0.0255919957006271,-0.224930042843499
"105","ML93834681_terminal_strophes.wav",1.14178403755869,0.132591984382587,0.875822368421052,6,0.822281167108753,0.218011332447986,0.190939201527224,0.166735640770252,0.202772053452855,0.0586264027224436,0.208688479415671,0.279685590969455,0.041469615287168,-0.030305070887179,0.672015009626643,0.365938212638269
"106","ML94149261_terminal_strophes.wav",2.43555555555556,0.890174884743596,0.410583941605839,5,0.762886597938144,0.295142579365079,0.121180803571429,0.159420079365079,0.208969563492064,0.128720942460317,0.221895515873016,0.302682718253968,1.83440736076323,-1.04035437923124,-1.19827186159646,-0.0375929209165264
"107","ML95963851_terminal_strophes.wav",1.22837706511176,0.205693838872753,0.814082278481013,6,0.994791666666667,0.226683261183261,0.184538825757576,0.205521374458874,0.206597402597403,0.0613336038961039,0.222737824675325,0.288375541125541,0.725634605621457,0.944726190585818,0.355051429280829,0.777052136893453
"108","ML97718781_terminal_strophes.wav",1.710407239819,0.536731494101835,0.584656084656085,8,0.977346278317152,0.203287237149533,0.118853120132399,0.108276447300104,0.110786166277259,0.0720647877725857,0.163490264797508,0.309771028037383,0.906456295051744,0.913720091499055,-1.07622447246395,-0.49618234250565
"109","ML97782401_terminal_strophes.wav",2.32248520710059,0.84263782229939,0.430573248407643,7,0.817865429234339,0.281207318529131,0.121080348615091,0.126274623925501,0.154395355778415,0.112841153295129,0.224607628939828,0.305208452722063,1.90701228731955,-0.66604760294575,-1.12588281902339,0.0833133403068711
"110","ML102373331_terminal_strophes.wav",1.22598870056497,0.20374762096663,0.815668202764977,9,0.875,0.23280441898527,0.18989116202946,0.167719312602291,0.191679214402619,0.0700916530278233,0.207056464811784,0.281081833060557,0.283047496518797,0.237612524914897,0.315291168665764,0.411618343803858
"111","ML103667581_terminal_strophes.wav",1.16635514018692,0.153883621473421,0.857371794871795,7,0.817325800376647,0.22381755829904,0.19189486168267,0.155667981252858,0.190460133744856,0.0785513545953362,0.22381755829904,0.276543810013717,0.245781001030191,-0.180701797427265,0.696693079593025,0.615007171783583
"112","ML104303161_terminal_strophes.wav",1.61044176706827,0.476508530841862,0.620947630922693,5,0.875598086124402,0.216825699745547,0.134637404580153,0.0989503816793893,0.113008905852417,0.042175572519084,0.158969465648855,0.223854961832061,-0.470786377828416,0.0165922907104441,-1.48512188071066,0.488331732068889
"113","ML104716561_terminal_strophes.wav",1.20247568523431,0.184382502613977,0.831617647058823,6,0.978891820580475,0.243714140644834,0.20267698019802,0.199451351865956,0.203752189642041,0.0661253808073115,0.213966679360244,0.310735529322163,0.82391058122698,0.997964386648383,0.5561408883013,0.298304057916071
"114","ML104970781_terminal_strophes.wav",2.21581196581197,0.795618912311881,0.451301832208293,8,0.976415094339623,0.278352008832689,0.125620771585052,0.148168089561856,0.151747028923253,0.124904983712772,0.239431043277492,0.32639926975945,2.49373376968996,0.376471342775353,-0.92549542843673,0.320488492034429
"115","ML105213831_terminal_strophes.wav",1.12971342383107,0.121963993331357,0.885180240320427,9,0.838912133891213,0.201080074853434,0.177992108982412,0.1435391366555,0.17110151451703,0.0608520030709102,0.175038997068677,0.271686296063651,-0.500303270011296,0.240230704645148,0.341507003857525,0.0314083399222973
"116","ML105680731_terminal_strophes.wav",1.14384508990318,0.134395472864926,0.874244256348247,9,0.976102941176471,0.221892479861504,0.193988226045789,0.189963574053137,0.194614283022423,0.0615324571320897,0.1996227388355,0.285481981345393,0.188070938661518,1.02208896897713,0.443207950214329,0.464148595432957
"117","ML105954241_terminal_strophes.wav",2.78527607361963,1.02434699723459,0.359030837004405,7,0.818949343339587,0.32516613070156,0.116744668071265,0.156316096972721,0.190873951171731,0.154704590818363,0.276104721113329,0.339490629851408,3.21961725320854,-0.907323365197423,-0.756119273053699,0.312412749999215
"118","ML106300881_terminal_strophes.wav",1.5547263681592,0.441299561117381,0.6432,6,0.846335697399527,0.224143026004728,0.144168794326241,0.192583687943262,0.22755,0.0672429078014185,0.293717021276596,0.372256737588652,3.03614880891777,-0.310652096469297,0.984639064239958,0.233303619327474
"119","ML106441141_terminal_strophes.wav",1.12523020257827,0.11798763923766,0.888707037643208,6,0.76063829787234,0.219092124643285,0.19470871306269,0.153830640706987,0.202238884286109,0.0554005454294394,0.218374965479149,0.301206848936758,0.325289640807526,-0.378609327377705,1.0606826575208,0.0719023707961174
"120","ML106497711_terminal_strophes.wav",1.23740053050398,0.213012832839388,0.808145766345123,8,0.664451827242525,0.16725483079352,0.135166283406553,0.0717062511440601,0.10791790797181,0.0521662977073037,0.138751595963756,0.181775346650192,-2.08173440127724,-1.12321462846488,-0.831311878261305,0.431241146929914
"121","ML106877561_terminal_strophes.wav",1.21055718475073,0.191080736883837,0.826065891472868,12,0.826366559485531,0.147857291666667,0.122139865451389,0.0690394694010417,0.0835458170572916,0.0502349446614584,0.131094401041667,0.175150716145833,-2.12333034830487,-0.0459644698530846,-1.06053722644175,0.752500648790652
"122","ML106961551_terminal_strophes.wav",2.13114754098361,0.756660586282271,0.469230769230769,5,0.542016806722689,0.279654632721202,0.131222558430718,0.0693758608096828,0.127995774207012,0.0311922474958263,0.132298153171953,0.330207585559265,0.589178234777905,-1.78745903930012,-1.21370712027488,-2.16823540818834
"123","ML107795761_terminal_strophes.wav",1.0869939707149,0.0834160614032668,0.919968304278922,6,0.846341463414635,0.226246892841458,0.208139970355731,0.186626795125165,0.220510046113307,0.0645395256916996,0.232342292490119,0.296881818181818,0.458724779650083,0.121773946155665,1.1946050344683,0.52138579648546
"124","ML108297581_terminal_strophes.wav",1.34246575342466,0.294508037522181,0.744897959183674,5,0.977777777777778,0.26403205288622,0.196676937354021,0.189672005338672,0.193982732732733,0.0587336607440774,0.201526505672339,0.274808871371371,0.469706984974516,0.803437177157433,-0.246993001727971,0.611174403444316
"125","ML122289641_terminal_strophes.wav",2.15562913907285,0.7680826248337,0.463901689708141,7,0.782828282828283,0.233545075757576,0.108341955266955,0.111211940836941,0.142064285714286,0.0667271645021645,0.235697564935065,0.31426341991342,2.02140322709004,-0.869879771895581,-0.756029763109659,0.0509986278238619
"126","ML122576641_terminal_strophes.wav",1.10453648915187,0.0994257801380118,0.905357142857143,6,0.827893175074184,0.200967857876361,0.181947685613062,0.150187586645102,0.181409378850893,0.0624435844115835,0.18733075323475,0.26054047288971,-0.557571057745693,0.0899599492104206,0.472320933853771,0.354764033993983
"127","ML124298691_terminal_strophes.wav",1.14362416107383,0.134202308449756,0.874413145539906,9,0.809615384615385,0.228549978897017,0.19984710596042,0.150578311605077,0.185987463265179,0.0511465523979241,0.193140827236916,0.29936828221722,0.0798484516045892,0.0438269898276855,0.698269542281652,-0.171197228980639
"128","ML143538121_terminal_strophes.wav",1.3956043956044,0.333327579941742,0.716535433070866,6,0.654008438818565,0.273150414156627,0.195721950301205,0.166686276355422,0.254868693524096,0.0634483245481929,0.307563064759036,0.379614551957831,2.85464561656101,-1.48655764333903,1.74916750480213,-0.0436398809881152
"129","ML149181651_terminal_strophes.wav",2.4841628959276,0.909935739991778,0.402550091074681,5,0.707386363636364,0.295691202872531,0.11903052064632,0.13411131059246,0.189587073608618,0.131956912028725,0.219748653500898,0.301615798922801,1.75082989895985,-1.39902097271809,-1.19629249051161,-0.168955618675864
"130","ML149181731_terminal_strophes.wav",2.63414634146342,0.968559160419912,0.37962962962963,6,0.98744769874477,0.309834046193328,0.117622184203023,0.126945893926433,0.128559612917023,0.123180549615056,0.208707656116339,0.315213109495295,2.18695876499464,0.471237755038804,-1.6379898596391,0.038812029684567
"131","ML149676381_terminal_strophes.wav",1.09453471196455,0.0903293523838123,0.913630229419703,11,0.521739130434783,0.159204482701264,0.145454028055001,0.064455256154358,0.123539240962519,0.0519222896798994,0.140727309270348,0.175103445886006,-2.63063285959385,-1.92563915807037,-0.185106240083904,0.296947873914135
"132","ML149927141_terminal_strophes.wav",1.79003558718861,0.582235500765993,0.558648111332008,13,0.885780885780885,0.179838809694579,0.100466611380073,0.0815173928635467,0.0920288461538462,0.0589928500986193,0.204866079433387,0.27565749955173,0.974655893095415,-0.0581189142724151,-0.994583760503216,0.403402309347287
"133","ML150335931_terminal_strophes.wav",1.19900497512438,0.181492025431579,0.83402489626556,6,0.859410430839002,0.259038767182131,0.216044780927835,0.203684009879725,0.237004349226804,0.0876002469931272,0.248290270618557,0.326754295532646,1.31667588229277,0.111998380125375,1.13666973678049,0.319719487586159
"134","ML150436551_terminal_strophes.wav",1.03886756238004,0.0381312375633324,0.962586605080832,12,0.903350515463918,0.231866884689922,0.223191957364341,0.187689014050388,0.207769864341085,0.0639909762596899,0.221692587209302,0.297732073643411,0.272633064315444,0.606061879746316,1.2439069193512,0.484014196045169
"135","ML150584681_terminal_strophes.wav",1.11706881143878,0.110708121984422,0.8952,6,0.954674220963173,0.224214151030169,0.200716508002207,0.181344405353201,0.189954228752759,0.0543495102097131,0.214169357064018,0.285200400110375,0.282400515990221,0.834724075804866,0.694536647787128,0.641472142622323
"136","ML150818621_terminal_strophes.wav",1.01305057096248,0.0129661459972679,0.987117552334943,7,0.982456140350877,0.22235550804829,0.219491024852821,0.190488132498696,0.193889706293315,0.0612283283031523,0.203020246478873,0.306141641515761,0.160280401112531,1.27803681850351,1.16824794101511,0.260421908952641
"137","ML151217251_terminal_strophes.wav",1.18823529411765,0.172469260350943,0.841584158415842,10,0.89657980456026,0.216657507739938,0.182335526315789,0.098407556114551,0.109758836429309,0.081157185242518,0.230600812693498,0.447258320433436,2.63636984809744,0.905333108375367,1.91045393910587,-1.60716105941974
"138","ML151217291_terminal_strophes.wav",2.64678899082569,0.973347203719011,0.377816291161178,6,0.9957805907173,0.310436205780846,0.117287855910267,0.12697217428818,0.127510191975841,0.123206050474547,0.207674827437446,0.316354400345125,2.20362388708609,0.531856333241865,-1.65697736944413,0.0237605729383039
"139","ML151240401_terminal_strophes.wav",1.04533333333333,0.0443358138200518,0.956632653061224,6,0.692753623188405,0.210860318791946,0.201715866191275,0.128560245385906,0.185578596895973,0.0516392617449665,0.192571413590604,0.279712667785235,-0.564792793725241,-0.660226747059761,1.07806032060826,-0.108127639196354
"140","ML152040921_terminal_strophes.wav",1.21818181818182,0.197359434158495,0.82089552238806,6,0.982089552238805,0.216278618986254,0.177542149914089,0.177004143399198,0.180232182488545,0.057028690578465,0.189378293241695,0.301283648339061,0.424593302468341,1.1005523943111,0.213088125058869,0.0826348470830022
"141","ML152069651_terminal_strophes.wav",1.28545006165228,0.251108899557544,0.777937649880096,12,0.964285714285714,0.223424774967853,0.17381054436348,0.130197171024432,0.135019288469781,0.116802400342906,0.199314187741106,0.290398628375482,0.522681035033351,0.833010788175153,0.0301845486666249,0.33525686009577
"142","ML152366311_terminal_strophes.wav",1.14265927977839,0.133358247441854,0.875151515151515,9,0.876288659793814,0.221319486996187,0.19368808437727,0.182420910493827,0.208174450798838,0.0565147134471073,0.217832028413217,0.280069750816993,0.230761101034681,0.266557014735685,0.685636336535745,0.602888972841817
"143","ML152381611_terminal_strophes.wav",1.01241134751773,0.0123349581579514,0.987740805604203,6,0.837606837606838,0.20482105396412,0.202310112847222,0.158189290364583,0.188858642578125,0.06779541015625,0.199081759982639,0.270105523003472,-0.522425158692217,0.238789875400924,1.03320779574891,0.430746649061545
"144","ML152426451_terminal_strophes.wav",1.5,0.405465108108164,0.666666666666667,10,0.795402298850575,0.206116527942925,0.137411018628617,0.123813053243493,0.15566091954023,0.104131787554499,0.196454815695601,0.271601466508125,0.380700009106103,-0.456546724145181,-0.470055268828009,0.18832849661147
"145","ML152587961_terminal_strophes.wav",1.21176470588235,0.19207773173932,0.825242718446602,6,0.988023952095808,0.221710630477806,0.182965083404015,0.177583757421544,0.179736287814532,0.0591945858071812,0.18942267458298,0.292744133446424,0.31110936741681,1.11242736242053,0.160760527004587,0.220633460020018
"146","ML153175621_terminal_strophes.wav",2.07070707070707,0.727890129003818,0.482926829268293,6,0.844827586206897,0.294096452590698,0.142027067348679,0.131805422350099,0.156014581557261,0.12265973998295,0.246395442597329,0.300193574168798,1.99792315698412,-0.556908663719996,-0.756287246546426,0.542466959659922
"147","ML153443091_terminal_strophes.wav",1.20505871725384,0.186528293766932,0.82983508245877,6,0.758139534883721,0.239099311509483,0.198412996882307,0.175291699142634,0.231212977396726,0.0543081644583009,0.264550662509743,0.317245713172252,1.29611248653891,-0.664726565920793,1.30755323662122,0.485174013615131
"148","ML153826801_terminal_strophes.wav",1.00788643533123,0.00785549994030839,0.992175273865415,7,0.975161987041037,0.228755351170569,0.226965403195838,0.161632302118172,0.165749182460052,0.061216220735786,0.20834994425864,0.303933166109253,0.176772329830737,1.20146132069926,1.23069168543202,0.356294897206182
"149","ML153826821_terminal_strophes.wav",1.17139001349528,0.158191089364263,0.853686635944701,9,0.78515625,0.232855422658555,0.198785562430863,0.143790906157817,0.183136676499508,0.0572302114060964,0.19422502995944,0.292947144634956,0.0456363648380633,-0.171198314009761,0.587949423415002,-0.118480829295606
"150","ML154019221_terminal_strophes.wav",2.42690058479532,0.886614963728038,0.412048192771084,7,0.865771812080537,0.297333583583584,0.122515765765766,0.138636261261261,0.160130255255255,0.133262762762763,0.238583333333333,0.308438813813814,2.2409346186858,-0.448337430841693,-1.1264481057953,0.331125685477491
"151","ML154043581_terminal_strophes.wav",1.00983606557377,0.00978800636616316,0.99025974025974,7,0.882051282051282,0.220621511232131,0.218472600408441,0.184806330837304,0.209518805309735,0.0617811861810755,0.220263359428182,0.290102961198094,0.0486194266360222,0.487349756496384,1.33111696738082,0.538851213218655
"152","ML158046011_terminal_strophes.wav",1.03349673202614,0.0329479380893487,0.967588932806325,12,0.941015089163237,0.225843811554302,0.21852397260274,0.18371010441848,0.195225460817889,0.0524886012624228,0.198171249664249,0.293507688691915,-0.0528168002850979,0.964743477773529,0.984397833196312,0.283044874998896
"153","ML160553361_terminal_strophes.wav",1.1993006993007,0.181738636346087,0.833819241982507,6,0.518367346938776,0.185142045454545,0.154375,0.0685511363636364,0.132244318181818,0.0426420454545455,0.145738636363636,0.192159090909091,-2.11366254941599,-2.0211189425257,-0.388423284878662,0.0911454225154616
"154","ML161672591_terminal_strophes.wav",1.05247148288973,0.0511411915657504,0.95014450867052,12,0.704714640198511,0.148605295566502,0.141196505541872,0.0762353756157635,0.108179071736453,0.0542237530788177,0.168576816502463,0.230853602216749,-1.45744600441056,-0.646015588589069,0.443517490854428,0.275874173007729
"155","ML162376291_terminal_strophes.wav",2.31024096385542,0.837351832450768,0.432855280312907,7,0.917910447761194,0.275073541009464,0.119067034700315,0.13233655362776,0.144171529968454,0.121577484227129,0.224864550473186,0.300178036277603,1.9600559628806,-0.0429462236422859,-1.27361760744152,0.36502598648613
"156","ML163314261_terminal_strophes.wav",1.4793875147232,0.391628160716796,0.675955414012739,6,0.90282131661442,0.225391250770179,0.152354436229205,0.155046210720887,0.171735212569316,0.053297134935305,0.186270794824399,0.315475970425139,0.906262395237861,0.462192260052223,-0.303843709627575,-0.37376662465253
"157","ML163438911_terminal_strophes.wav",1.16483516483516,0.152579587595217,0.858490566037736,9,0.900375939849624,0.227433659217877,0.195249650837989,0.171290444599628,0.190243249534451,0.0590040153631285,0.194176850558659,0.278928072625698,-0.00836072500727804,0.520571816311066,0.361324639594529,0.321007610196005
"158","ML163588521_terminal_strophes.wav",1.1752380952381,0.161470761313764,0.850891410048622,6,0.884097035040432,0.22135329058032,0.188347613540791,0.176508620689655,0.199648470353238,0.0635000525651808,0.210949327165685,0.275525651808242,0.167410950614532,0.302952278845402,0.464241986156787,0.577799699016295
"159","ML163885511_terminal_strophes.wav",1.14493201483313,0.135345259551805,0.873414304993253,10,0.855345911949685,0.198799276859504,0.173634132231405,0.133784848484848,0.156410227272727,0.0647461432506887,0.207116115702479,0.306918181818182,0.412939261619209,0.288036352320047,0.818178470614905,0.0147439229893128
"160","WTSP1.wav",1.17777777777778,0.163629423781802,0.849056603773585,6,0.786440677966102,0.190326785714286,0.161598214285714,0.124969285714286,0.158904910714286,0.064100625,0.161598214285714,0.257479821428571,-0.806876951536894,-0.126287992259389,0.00426698349837302,-0.0751059600417141
"161","WTSP2.wav",1.04515050167224,0.0441608957857703,0.956799999999999,9,0.779329608938548,0.167871566171389,0.160619514512785,0.0999171561852109,0.128209110803962,0.0680439414881364,0.143966655148583,0.294379578438148,-0.900012463548302,0.210161832437085,0.664148968566838,-0.848150764708521
"162","WTSP4.wav",1.48235294117647,0.393630650461161,0.674603174603175,6,0.798816568047337,0.203599095394737,0.137348596099624,0.145427925281955,0.182054217575188,0.0624801456766917,0.272542704417293,0.335022850093985,2.14101710416665,-0.596254934564323,0.719610106394134,0.379364860428231
"163","WTSP5.wav",1.79656862745098,0.585878527482489,0.556616643929059,7,0.868347338935574,0.26242561530681,0.146070465273095,0.110984912339852,0.127811657113958,0.0843127317936614,0.224475935603506,0.326510451786918,1.85533565114891,-0.0881204251369043,-0.417017078478488,-0.086781955364184
"164","WTSP6.wav",1.6109693877551,0.476836102000083,0.620744259699129,6,0.840978593272171,0.226738753019324,0.140746779388084,0.14810726147343,0.176112998188406,0.0533186141304348,0.243434480676328,0.311294535024155,1.67994821469067,-0.333141383105928,-0.0285987094897219,0.372024490540468
"165","WTSP7.wav",1.06717850287908,0.0650182524972158,0.93705035971223,13,0.598019801980199,0.198539547622421,0.186041554516693,0.06470389573594,0.108196911743873,0.0382974217311234,0.13819209519762,0.374939793171837,-0.113066923762173,-0.645433112842285,1.36598005853651,-2.47711948636615
"166","WTSP9.wav",1.10035842293907,0.0956359657658318,0.908794788273615,9,0.798045602605864,0.164938788357929,0.149895511243851,0.0877524498321231,0.109959192238619,0.0562332025454829,0.153656330522371,0.179444805575076,-2.06277635244278,-0.217843422534295,-0.398494350273804,0.984002856819231
"167","WTSP11.wav",1.49874055415617,0.404625124858439,0.667226890756302,7,0.811926605504587,0.213207070707071,0.142257490875138,0.0951369365928189,0.117174306086071,0.0548246753246753,0.139749172396231,0.322498090145149,0.31450738190431,0.145023839476896,-0.585677110913481,-1.33775451491906
"168","WTSP13.wav",2.32156862745098,0.84224308972558,0.430743243243243,5,0.691747572815534,0.318146457085828,0.137039436751497,0.153161723428144,0.221412737025948,0.144025760978044,0.246133576596806,0.331044286427146,2.35837706332123,-1.49207849639139,-0.583165623709936,-0.237334325595828
"169","WTSP14.wav",1.12113402061856,0.114340691465411,0.891954022988506,8,0.517241379310345,0.156122529200359,0.139254117999401,0.0646024258760108,0.124898023360288,0.0516819407008086,0.136741801437556,0.176579964061096,-2.60315922597155,-1.95750762990421,-0.307058560755769,0.20209392595105
"170","WTSP15.wav",1.71578947368421,0.539873309206221,0.582822085889571,13,0.886363636363637,0.232921855081332,0.13575200142777,0.114942648577329,0.129678885574422,0.110387811687318,0.282935750344195,0.356884866911427,2.93338784630412,-0.13762353725293,0.432262660887852,0.363828321382892
"171","WTSP17.wav",1.27142857142857,0.240141127682781,0.786516853932584,9,0.747211895910781,0.143609623015873,0.112951388888889,0.0720737433862434,0.0964569003527337,0.0677708333333334,0.145223214285714,0.171040674603175,-1.96968440066945,-0.698574866015298,-1.06315696154504,0.843272269418413
"172","WTSP21.wav",1.24922600619195,0.222524164487347,0.800495662949194,11,0.556220891550233,0.173301857490865,0.138727385302477,0.0748039822709433,0.134486106881851,0.067645706455542,0.22333820544052,0.294205136012992,0.320790500999552,-1.86160282548788,0.874387147017625,-0.19853784205558
"173","WTSP22.wav",1.43908045977011,0.364004340011414,0.694888178913739,9,0.481792717086835,0.168368225466982,0.116997089581689,0.0616812242392353,0.128024401473297,0.05450898886258,0.206560378847672,0.28294468560905,0.191863471889316,-2.43596062879633,0.223715192996923,-0.461857347434064
"174","WTSP23.wav",1.00180505415162,0.00180342699915095,0.998198198198198,9,0.567164179104478,0.14897520653181,0.148706782736257,0.0680006948733786,0.119895962013589,0.0526110639283508,0.127769726683138,0.167496448424954,-3.093898328429,-1.47648103972028,-0.00588797713072642,0.337834065705992
"175","WTSP24.wav",1.19545454545455,0.178526485825403,0.836501901140685,11,0.925578034682081,0.169368549562682,0.141677113702624,0.11457599914966,0.123788589245222,0.0955247206025267,0.184609572400389,0.314480259961127,0.415309028378099,0.835536894205438,0.417985791674527,-0.288667679767904
"176","WTSP25.wav",1.18313570487484,0.16816829090657,0.845211581291759,6,0.898305084745763,0.16134160610065,0.136367794020482,0.114268665345226,0.127204740667327,0.0727654236868186,0.129360753221011,0.213445242814668,-1.63222301569671,0.593136185289113,-0.773517344811502,0.324292213677751
"177","WTSP27.wav",1.1550591327201,0.144151539823491,0.86575654152446,9,0.94043321299639,0.235643351196411,0.204009772765038,0.186227054946272,0.19802262656475,0.0468248449097153,0.203741691591891,0.329203680624792,0.777037500944303,0.923173711702797,0.821600703270065,-0.186099450113349
"178","WTSP28.wav",1.03490136570561,0.0343061233409548,0.966275659824047,11,0.425844346549193,0.146550418317922,0.14160810215764,0.0519301335681785,0.121946279172171,0.0496917657419639,0.12892998678996,0.180501981505945,-2.98800601181436,-2.38259727818732,0.12396833859911,-0.132284479908252
"179","WTSP29.wav",2.57278481012658,0.944988895960898,0.388683886838868,7,0.850515463917526,0.290970477045257,0.11309553597331,0.147632622117058,0.173580173883087,0.135822012347694,0.240506962576153,0.312444312989556,2.36848706818405,-0.573728109653709,-1.17229074602547,0.262682925378856
"180","WTSP30.wav",1.01557632398754,0.0154562582366917,0.984662576687117,7,0.902459711620017,0.233342261904762,0.229763392857143,0.190395833333333,0.210974330357143,0.0767667410714286,0.212584821428571,0.287741071428571,-0.038493969100556,0.642657653979233,1.1941242921354,0.501903106747781
"181","WTSP31.wav",1.32459970887918,0.281110307288546,0.754945054945055,6,0.935323383084577,0.163619724375538,0.123523901808786,0.10140826873385,0.108420542635659,0.0803714470284238,0.116511627906977,0.236259689922481,-1.1917179607113,0.859167704710498,-1.18706142881194,-0.144446085189041
"182","WTSP33.wav",2.65602836879433,0.976831912579106,0.376502002670227,7,0.835714285714286,0.268380489468747,0.101045791762599,0.12576976208749,0.150493732412382,0.111257866462011,0.227890509081607,0.297762599130212,2.03955017117135,-0.672252059292332,-1.43683308148232,0.25912540900583
"183","WTSP34.wav",1.08649789029536,0.0829595789686598,0.920388349514563,12,0.924453280318092,0.165718366257341,0.152525253603844,0.12469100373732,0.134880806193273,0.0836636412172984,0.136221569674319,0.233829151094501,-1.4814775902903,0.903824969713934,-0.225773947508561,0.203828106352677
"184","WTSP35.wav",1.23620309050773,0.212044658246161,0.808928571428571,6,0.947540983606557,0.20082367354632,0.162452007350862,0.155459040147017,0.164065769013288,0.0387302798982189,0.17858962397512,0.277567005937235,-0.0195977323263588,0.832416958080131,-0.0806894713350525,0.196411194254167
"185","WTSP36.wav",1.05763517528223,0.0560354490953255,0.945505617977527,8,0.985887096774194,0.159545187413734,0.150850871020963,0.087660220949793,0.0889150707384403,0.0458916494133886,0.0935759413819876,0.23232647515528,-2.05028231990127,1.55550829381336,-0.562932209978344,-0.259062579994973
"186","WTSP37.wav",1.07802547770701,0.0751311064440763,0.927621861152142,13,0.629041095890411,0.121228670634921,0.112454365079365,0.0616708333333334,0.0980394345238095,0.0572120535714286,0.145044642857143,0.185872023809524,-2.35207903765729,-1.20273776373084,-0.127210561289144,0.426525803924166
"187","WTSP38.wav",1.0497512437811,0.0485532254169914,0.95260663507109,7,0.487804878048781,0.151389540891645,0.144214681133747,0.0860983170947741,0.176501550044287,0.0721073405668733,0.249685119574845,0.162510573516386,-1.54860299766472,-2.72189910608468,0.894599865983933,2.00031309118235
"188","WTSP39.wav",1.00353356890459,0.00352734051796844,0.996478873239437,11,0.906168999481597,0.182699131693198,0.182055824891462,0.156180595754945,0.172352613965268,0.0742483267004341,0.226229558610709,0.327014290882779,0.602643568091464,0.755983690817839,1.67054103203379,0.140706333020756
"189","WTSP40.wav",1.43205574912892,0.359110998736614,0.698296836982968,8,0.768627450980392,0.147512890506521,0.103007784854919,0.07034677990092,0.0915225962996664,0.0646041856232939,0.119517743403094,0.184121929026388,-1.84246209857235,-0.496709664806985,-1.63549155318481,0.298323905386593
"190","WTSP41.wav",1.27148288973384,0.240183849032782,0.786483253588517,10,0.850257069408741,0.179498862482226,0.141172849380459,0.118359746343693,0.139204660098856,0.0533200369016183,0.249065407271989,0.334950030469226,1.56278562507121,0.0139664497638286,0.989745353542828,0.17902832053562
"191","WTSP42.wav",1.32475884244373,0.281230437170293,0.754854368932039,6,0.955621301775148,0.221737296326982,0.1673793668876,0.173837734741784,0.181910694559514,0.0592017053300193,0.188369062413698,0.311078051643192,0.703005786339945,0.881664044711364,-0.00478985155268335,-0.148019915470765
"192","WTSP43.wav",1.22341696535245,0.201647735109977,0.8173828125,6,0.833333333333333,0.183826388888889,0.150256530761719,0.115789082845052,0.138946899414063,0.071089111328125,0.141101114908854,0.249888997395833,-1.01433057641024,0.211763941907056,-0.442615100674926,-0.175590326611367
"193","WTSP44.wav",1.1688654353562,0.156033564962709,0.855530474040632,9,0.844606946983546,0.237488556338028,0.203178697183099,0.165116197183099,0.195494718309859,0.054681338028169,0.202642605633803,0.296994718309859,0.270922283560179,0.181557726839383,0.629186101758803,0.0666598526999692
"194","WTSP45.wav",1.28272980501393,0.248990467207083,0.779587404994571,6,0.692607003891051,0.166125541125541,0.12950937950938,0.0963203463203463,0.139069264069264,0.0465367965367965,0.143939393939394,0.166666666666667,-2.08628336667978,-1.06697146902395,-1.07515135911579,0.774565098064318
"195","WTSP46.wav",1.05269922879177,0.0513575596746783,0.94993894993895,8,0.447957839262187,0.147061704211557,0.139699640874959,0.0610512569376428,0.136287952987267,0.0506366307541626,0.142213516160627,0.170225269343781,-2.87153317865924,-2.3735826815222,0.0543046444787176,0.249511654310376
"196","WTSP47.wav",1.17113095238095,0.157969907894254,0.853875476493011,9,0.881287726358149,0.21108942244457,0.180244081172492,0.15664068959038,0.177740691156207,0.0561474617938119,0.183462725479143,0.261783070274333,-0.372016681341912,0.38567670789241,0.135795277726571,0.374272209929066
"197","WTSP48.wav",1.2355816226784,0.211541808755176,0.809335443037975,6,0.89159891598916,0.226488126533474,0.18330486823081,0.176854257032071,0.198356294361199,0.0628934591876972,0.216095475157729,0.294577911409043,0.609039995887091,0.336795496690512,0.448271006199877,0.378673320085666
"198","WTSP49.wav",1.19418483904465,0.177463809559171,0.837391304347826,6,0.906542056074766,0.206322995580808,0.172773082386364,0.156626065340909,0.172773082386364,0.060282196969697,0.17869365530303,0.255122869318182,-0.437477139107751,0.52520052851862,-0.067508457145984,0.448470617511312
"199","WTSP50.wav",1.02256532066508,0.0223144901854045,0.977932636469221,8,0.445054945054945,0.15421044921875,0.150807431175595,0.0580304129464286,0.130389322916667,0.0540900762648809,0.145076032366071,0.184837611607143,-2.73777588727753,-2.3142020203964,0.330928765759118,0.0813930826548347
"200","WTSP51.wav",2.03345280764636,0.709735238643845,0.491774383078731,8,0.993243243243244,0.304549325798136,0.149769556811422,0.131518069601428,0.132412750347016,0.12096083680349,0.212576145151695,0.310275282569899,1.84279131350533,0.62451058022671,-1.11065989505585,0.212036964444083
"201","WTSP52.wav",1.14864864864865,0.138586163286147,0.870588235294117,12,0.950576606260297,0.209537462569384,0.182420849766287,0.154607565092755,0.162646086674701,0.0584132568288052,0.16720124890447,0.294745791338008,-0.130874025283105,1.06270165635958,0.246375714680406,-0.193127154721529
"202","WTSP54.wav",1.12237093690249,0.115443355763174,0.890971039182282,9,0.493036211699165,0.157767786949686,0.14056652908805,0.06342963836478,0.12865107442348,0.0455116614255765,0.133309748427673,0.188138757861635,-2.52710416844868,-2.05212193012796,-0.222340676567223,-0.0650907265231694
"203","WTSP55.wav",1.26456692913386,0.23472971505407,0.790784557907846,11,0.514412416851441,0.172329169124877,0.136275245821042,0.0622359390363815,0.120984519419862,0.0461404375614552,0.164174115044248,0.2328482546706,-1.23678658136648,-2.0533418269751,-0.113613192093326,-0.253341184459437
"204","WTSP56.wav",1.43375174337517,0.360294605415489,0.697470817120623,6,0.768924302788845,0.184631463015722,0.128775057375752,0.103989899889205,0.135240750633112,0.0748942802310858,0.149788560462172,0.296344274295663,-0.0304625488521489,-0.239839715216302,-0.503805236472799,-0.891505430705326
"205","WTSP58.wav",2.22614107883818,0.800269628580099,0.449207828518173,9,0.898924731182796,0.287809895833333,0.129286458333333,0.149493055555556,0.166302083333333,0.109795138888889,0.223166666666667,0.30578125,1.9369919278774,-0.111701264021073,-1.14311811477705,0.225258462967762
"206","WTSP59.wav",1.22161172161172,0.200171070170719,0.818590704647676,6,0.948648648648649,0.239011094552078,0.195652260307998,0.188664679582712,0.198877297565822,0.0623507203179335,0.206402384500745,0.307453551912568,0.688134102652103,0.814849354650246,0.438960015339952,0.170696073701027
"207","WTSP60.wav",2.15800415800416,0.769183793620072,0.463391136801542,9,0.925507900677201,0.278409726123595,0.129012599485019,0.14662554619226,0.15842711454432,0.109790348002497,0.232812757490637,0.293966338951311,1.90056173175045,-0.0179614284599618,-1.11515060933007,0.594989404831987
"208","WTSP62.wav",1.18831168831169,0.172533550427792,0.841530054644809,6,0.984615384615385,0.197036169744943,0.165811858692466,0.172272060979185,0.174963811931985,0.0662170734388742,0.176578862503665,0.259484791849897,-0.328056143419988,1.05812132693697,-0.127201829769297,0.515212248894666
"209","WTSP64.wav",1.27216248506571,0.240718196591426,0.786063110443276,18,0.719745222929937,0.158384706201483,0.124500374803382,0.0806798127758116,0.112094961113296,0.0592603934547997,0.194916715821209,0.264529828614497,-0.179746647009541,-0.793247556887214,0.127654667940965,0.150054507599532
"210","WTSP66.wav",1.38991389913899,0.329241802158576,0.719469026548672,6,0.510510510510511,0.202907791770315,0.145985871424129,0.0915778529228856,0.179384853078358,0.0764944418532338,0.185310478855721,0.276888331778607,-0.1974160162003,-2.12644378301906,0.0747567855310937,-0.615726798585433
"211","WTSP69.wav",1.01059190031153,0.010536199111242,0.989519112207152,10,0.940201302545885,0.174086199680211,0.172261621755079,0.142030869858289,0.151064319389579,0.0672589509656383,0.192117322705041,0.26939356424003,-0.502916869006926,0.93247526412788,0.850626663841956,0.550244400605852
"212","WTSP70.wav",1.17090539165819,0.157777288574716,0.854039965247611,17,0.928746928746928,0.154135658017703,0.131638012016857,0.067492938002539,0.0726709676376545,0.0477807148398928,0.134985876005078,0.325680208774157,-0.129572409189444,1.18889122138991,0.153325487505279,-1.15824018385629
"213","WTSP71.wav",1.01471652593486,0.0146092886932496,0.985496909177366,12,0.979695431472081,0.150444766108119,0.148262852001463,0.103551497356872,0.105697642379812,0.0651891550718133,0.162033949231997,0.18242232694993,-1.93046595268888,1.01673522908858,-0.154894861357518,1.4561282585641
"214","WTSP73.wav",1.07816711590297,0.0752624845005472,0.9275,6,0.715404699738903,0.215028757189297,0.199439172293073,0.147294698674669,0.205890035008752,0.0564450487621906,0.208577894473618,0.27846224056014,-0.259851485073869,-0.646458897018896,1.04011390812945,0.17936666422854
"215","WTSP74.wav",1.05280528052805,0.0514582972754752,0.949843260188088,9,0.938718662952646,0.171349398087071,0.16275507091029,0.120678677440633,0.128556810686016,0.0655317447229551,0.135360653034301,0.211635306728232,-1.84513121942232,0.957697281494035,-0.281583519451599,0.551431183658653
"216","WTSP75.wav",1.20036429872495,0.182625092992977,0.833080424886191,6,0.997422680412371,0.236146480298856,0.19672901014275,0.208016740232908,0.208554251189582,0.0564386504507889,0.213929360756324,0.294556004257451,0.636535045535796,1.05835208636025,0.414504439821784,0.57085251858807
"217","WTSP82.wav",1.1562412342216,0.145174428602008,0.86487142163998,12,0.961259079903148,0.147514285714286,0.127580889997921,0.106555988771054,0.110850436681223,0.0713951965065502,0.170704304429195,0.190029320024953,-1.38104236197612,0.713340569809483,-0.577647427039139,1.39742315446624
"218","WTSP83.wav",1.24683544303798,0.220608695711022,0.802030456852791,9,0.912037037037036,0.158969311153232,0.1274982292498,0.0706530271792143,0.0774672785315244,0.0559485900505453,0.125884327613727,0.209807212689545,-1.57613782976251,0.626263937778124,-1.05637054960764,0.341802839046002
"219","WTSP86.wav",1.22,0.198850858745165,0.819672131147541,6,0.603174603174604,0.164630681818182,0.134943181818182,0.0615340909090909,0.102017045454545,0.0512784090909091,0.132784090909091,0.185681818181818,-2.21741391921916,-1.45261082816066,-0.722882733171293,0.166441523372842
"220","WTSP87.wav",1.08644859813084,0.0829142100055593,0.920430107526882,7,0.643548387096774,0.166993143976494,0.153705517466536,0.0716454456415279,0.111328762650996,0.0538687561214495,0.13898139079334,0.197159647404505,-2.24798037271263,-1.04512795131999,-0.144506334310516,0.202353836512198
"221","WTSP88.wav",1.07511045655376,0.0724234065837415,0.930136986301369,11,0.516491228070175,0.156683059701493,0.145736708955224,0.0658211940298507,0.127439132462687,0.0617073694029851,0.143805,0.179219664179105,-2.59511070434616,-1.93752650365902,-0.040564714606747,0.27603239254631
"222","WTSP91.wav",1.01733102253033,0.0171825533199965,0.982964224872232,9,0.797783933518005,0.157667664163722,0.154981673292108,0.103142049469965,0.129285693953671,0.0881005005889281,0.130001958186101,0.282566239693757,-1.28567445420604,0.395521885940345,0.553994360346822,-0.833432054200688
"223","XC14297_terminal_strophes.wav",2.27467811158798,0.821838552980467,0.439622641509434,5,0.573991031390135,0.285267017505787,0.125409839771412,0.137789351851852,0.240054886429398,0.0990360966435185,0.240054886429398,0.329402669270833,2.09113062755117,-2.20661996941536,-0.462776704115919,-0.539358103407902
"224","XC14298_terminal_strophes.wav",2.60502838605028,0.957443571902308,0.38387297633873,8,0.865256124721604,0.287526240778001,0.110373553822938,0.139108274647887,0.160771210596915,0.108493712273642,0.225580985915493,0.291106891348089,1.9389284502388,-0.485446598068488,-1.50923080447425,0.384807018139766
"225","XC16937_terminal_strophes.wav",1.37135278514589,0.315797687060419,0.729206963249516,7,0.673107890499195,0.185667646098596,0.135390140385243,0.0750571335292197,0.111508325171401,0.0549461312438785,0.14975514201763,0.24564152791381,-0.883528560297645,-0.998007200663596,-0.629003795916269,-0.342288225058813
"226","XC33226_terminal_strophes.wav",1.08704883227176,0.0834665310230902,0.919921875,7,0.34516765285996,0.183600816175107,0.168898407067334,0.0627541852161009,0.181807839454647,0.0398040831942126,0.229142424874791,0.318432665553701,0.0878991670980859,-2.98719345697724,1.94438493967766,-0.861178395139072
"227","XC52450_terminal_strophes.wav",1.12224157955865,0.1153280954739,0.891073738680466,10,0.953917050691244,0.207308642805884,0.184727287405813,0.148039289558665,0.155190946059084,0.0522070924530559,0.168421510584858,0.254241388589882,-0.685599148547403,0.954687677587565,0.0365376198779834,0.425350674538934
"228","XC77875_terminl_strophes.wav",2.48630136986301,0.910796212556515,0.402203856749311,8,0.775092936802974,0.324594362745098,0.130553104575163,0.149152450980392,0.192431699346405,0.117318954248366,0.268259803921569,0.349810784313725,3.06645601086922,-1.04735112743616,-0.483271197563301,-0.027576009688794
"229","XC83546_terminal_strophes.wav",1.22171945701357,0.200259257480621,0.818518518518519,9,0.877083333333333,0.217370242214533,0.177921568627451,0.150638472382417,0.171749327181853,0.0551029091375113,0.183557093425606,0.294120722798923,0.14007008261363,0.429989196956075,0.223160769987782,-0.112875392600233
"230","XC89189_terminal_strophes.wav",1.19886363636364,0.181374138437915,0.834123222748815,6,0.934782608695652,0.226975850802277,0.18932582815735,0.161895097373188,0.173190104166667,0.0500207443711181,0.188250113224638,0.30120018115942,0.312254179609065,0.821968387464357,0.323811194286864,-0.0251254203196234
"231","XC137567_terminal_strophes.wav",1.07162534435262,0.0691765093535949,0.933161953727507,9,0.928879310344829,0.208655545242024,0.194709416254125,0.15412260496883,0.165923175650898,0.0629363769710304,0.177008560231023,0.321833745874588,0.123065585065187,1.05897778245395,0.869579826223137,-0.469697978890547
"232","XC141294_terminal_strophes.wav",1.19550561797753,0.178569207175404,0.836466165413534,10,0.22996130458817,0.171378054821664,0.143351944352708,0.0372249743138118,0.161874948398283,0.0286345956260091,0.20294769649934,0.29744186206517,-0.401015948124236,-3.77741872589473,1.29220434575718,-1.19630018530229
"233","XC142150_terminal_strophes.wav",1.34625668449198,0.297327914744085,0.742800397219464,11,0.984782608695651,0.215958738340697,0.160414236622484,0.121436579528719,0.123313082965145,0.103207689003437,0.214457535591556,0.321686303387334,1.24385325108663,0.950791707483268,0.211423753978948,0.131831800301236
"234","XC147689_terminal_strophes.wav",1.98087431693989,0.683538321453308,0.504827586206897,6,0.906060606060606,0.260328520789182,0.131421018770814,0.161044609067514,0.1777415417802,0.0759441133060854,0.301622010293672,0.366255298213745,3.55103675199931,-0.185246405162061,0.26893590366687,0.515286954225294
"235","XC154441_terminal_strophes.wav",2.42978723404255,0.887803695511851,0.411558669001751,5,0.574468085106383,0.307493975435323,0.126551811256219,0.145399953358209,0.253103622512438,0.140553288246269,0.253103622512438,0.323111007462687,2.2643871019365,-2.33615200102479,-0.533530337577857,-0.266503695788834
"236","XC185150_terminal_strophes.wav",1.17451523545706,0.160855496899077,0.851415094339623,6,0.951156812339332,0.2279314306894,0.19406426056338,0.19890242772424,0.209116336174944,0.0714973591549296,0.210729058561898,0.301041512231282,0.566554265450524,0.829178861222632,0.581528541058163,0.341405894134116
"237","XC188449_terminal_strophes.wav",2.3155737704918,0.839657505853239,0.431858407079646,5,0.724770642201835,0.304190074906367,0.131367041198502,0.170131086142322,0.234737827715356,0.150749063670412,0.269194756554307,0.312265917602996,2.45333470607894,-1.47341362069717,-0.563159907945259,0.43698943413463
"238","XC188828_terminal_strophes.wav",1.25577689243028,0.227754418851941,0.796319796954314,10,0.649880095923262,0.169196848827471,0.134734800303601,0.096980427310162,0.149228185196817,0.0873181707146845,0.259807344011725,0.351061989635678,1.63409241984165,-1.25207356480185,1.49985508087387,-0.305440000884022
"239","XC189064_terminal_strophes.wav",2.43085106382979,0.888241428064255,0.411378555798687,7,0.996415770609319,0.327157466952483,0.134585566273669,0.149261120042872,0.149798030546624,0.143355104501608,0.246978831725616,0.342548901393355,2.93958448542477,0.468790011937545,-0.950487759954565,0.224287636542643
"240","XC189065_terminal_strophes.wav",2.46875,0.903711949667296,0.40506329113924,7,0.954887218045113,0.311354089448975,0.126118112181863,0.13650852483321,0.142957746478873,0.112503088707685,0.245070422535211,0.319236471460341,2.58915120131669,0.117565671863346,-1.1281167411276,0.448267946174515
"241","XC189812_terminal_strophes.wav",2.26119402985075,0.815893005558457,0.442244224422442,5,0.706140350877193,0.325894815852682,0.144125100080064,0.173165232185749,0.245227782225781,0.156494045236189,0.272116793434748,0.339877101681345,2.78657974277562,-1.49085553083412,-0.250455841959431,0.0436779613252491
"242","XC190047_terminal_strophes.wav",1.64566929133858,0.49814716550622,0.607655502392344,6,0.496268656716418,0.224720900439239,0.136552891654466,0.0715021046852123,0.144079428989751,0.0462344436310395,0.253751830161054,0.34407027818448,1.85231668809917,-2.4899221116548,0.67292267652689,-0.66205864597088
"243","XC190052_terminal_strophes.wav",1.00680272108844,0.00677968698537899,0.993243243243243,6,0.494252873563218,0.159663620071685,0.158584811827957,0.0695831317204301,0.140784475806452,0.0507039874551971,0.147796729390681,0.175845743727599,-2.80365956174393,-2.02641214088271,0.298406920671237,0.356363694954071
"244","XC191897_terminal_strophes.wav",1.24664602683179,0.220456766603994,0.802152317880795,6,0.829608938547486,0.216489431206764,0.173657499039201,0.159678876825519,0.19247487509608,0.0725813076479631,0.195700710991545,0.295701623750961,0.308383489428776,0.0441313861496376,0.320351627185067,-0.0617892456945351
"245","XC210426_terminal_strophes.wav",2.06367041198502,0.724486150752665,0.484573502722323,5,0.654639175257732,0.296849306208843,0.14384530809031,0.136841603951082,0.209033631232361,0.12121795625588,0.216576081843838,0.297388052681091,1.34567797868397,-1.62153215732435,-0.798262680152761,-0.236621828889814
"246","XC236559_terminal_strophes.wav",1.36918604651163,0.31421643664302,0.73036093418259,8,0.796019900497513,0.169239653512993,0.123606031440488,0.0862367661212705,0.108334937439846,0.0643182547321142,0.180019249278152,0.244696823869105,-0.362372565490246,-0.376338165200274,-0.516915104340893,0.361125238419489
"247","XC248010_terminal_strophes.wav",1.18100890207715,0.166369074932076,0.846733668341709,6,0.60387811634349,0.213961193783069,0.181168146494709,0.11719482473545,0.194070329034392,0.0553718667328042,0.199983829365079,0.290299107142857,-0.110879332741801,-1.38154211067486,0.804858665656512,-0.368913086394545
"248","XC248011_terminal_strophes.wav",1.21041666666667,0.190964652949974,0.826161790017212,6,0.623931623931624,0.208461858685869,0.172223222322232,0.117865267776778,0.188907346984698,0.0559725472547255,0.191598334833483,0.279862736273627,-0.264511376389267,-1.27560212640388,0.527388392553188,-0.30414316449973
"249","XC248012_terminal_strophes.wav",1.16366366366366,0.151573358812958,0.859354838709678,9,0.834728033472803,0.207876505511704,0.178639680865542,0.142697162493195,0.170950485392851,0.0554337348031211,0.187759424333152,0.284321413990201,-0.104090447503841,0.156404664403285,0.431463748246691,0.0159837485024024
"250","XC284004_terminal_strophes.wav",1.31785195936139,0.276003107587635,0.758810572687225,10,0.899353647276085,0.243352136948529,0.184658174402574,0.174027152267157,0.193502470128676,0.0607486979166667,0.217623276654412,0.323754825367647,1.15968203645803,0.417089146415009,0.436072832220745,-0.0219769540924136
"251","XC296909_terminal_strophes.wav",1.07849133537207,0.0755631528528818,0.927221172022684,6,0.662686567164179,0.189834255215915,0.176018340611354,0.119498689956332,0.180324599708879,0.0602876273653566,0.181939446870451,0.233614556040757,-1.23220579277511,-1.00826797705493,0.522345221887142,0.336643029128728
"252","XC296910_terminal_strophes.wav",1.22289156626506,0.201218190685245,0.817733990147783,6,0.86013986013986,0.218561584840655,0.178725236864772,0.132428940568475,0.15396210163652,0.0522179155900086,0.193798449612403,0.285314384151594,0.142186014686985,0.232523607339512,0.26075721761069,0.12843260191952
"253","XC297603_terminal_strophes.wav",2.4393063583815,0.891713719538232,0.409952606635071,7,0.827800829875519,0.301974946193166,0.123795416330374,0.142758298022599,0.172454886333064,0.141684927360775,0.237214916263115,0.308057379943503,2.17919413690631,-0.688247570033918,-1.10516253824021,0.23867070569245
"254","XC297606_terminal_strophes.wav",1.08326253186066,0.0799773503322511,0.92313725490196,15,0.94140127388535,0.195029831818886,0.180039303569277,0.158257148235152,0.168108066799181,0.0595338121913023,0.172391074870498,0.263404996385977,-0.630414276066796,0.931907485908986,0.311716390742837,0.333935162290355
"255","XC298776_terminal_strophes.wav",1.17069701280228,0.157599308866405,0.854191980558931,9,0.898854961832061,0.220801722330911,0.188607060508664,0.16848539686976,0.187444475498416,0.0604544205328862,0.192094815539407,0.263996226942426,-0.212942374341648,0.460337639891187,0.208304427448416,0.503153561516147
"256","XC310232_terminal_strophes.wav",1.27495291902072,0.242909251670336,0.784342688330872,6,0.700460829493087,0.242625858585859,0.190301818181818,0.16342303030303,0.233307878787879,0.066659393939394,0.254810909090909,0.327921212121212,1.37399096189181,-1.00456531601518,1.15727769175342,0.057715031364331
"257","XC312855_terminal_strophes.wav",1.1029207232267,0.0979618639138013,0.906683480453972,9,0.805084745762712,0.21276459199327,0.192910140785827,0.135940386645553,0.16885226972816,0.0600999604117181,0.174933813341251,0.296206947743468,-0.296876434245892,0.145712532781549,0.675771002490574,-0.388592365834873
"258","XC322417_terminal_strophes.wav",1.38489871086556,0.325627004015905,0.722074468085106,9,0.825059101654846,0.201967748917749,0.14583575487013,0.124976497113997,0.151475811688312,0.0504919372294372,0.267499837662338,0.35666645021645,2.23847798981352,-0.254623217371712,1.04018104008182,0.0600689015067624
"259","XC322428_terminal_strophes.wav",1.08238491591643,0.079166862001678,0.923885750156936,14,0.998633257403188,0.162697300295858,0.150313717332347,0.11753424556213,0.117695104474852,0.048257673816568,0.253084689349112,0.315283468934911,1.12938453751382,1.05869837017305,1.35166792199424,0.866942044993503
"260","XC329802_terminal_strophes.wav",1.37946428571429,0.321695225042705,0.724919093851133,7,0.779043280182233,0.221430268199234,0.160519029374202,0.12253908045977,0.157294316730524,0.0494455938697318,0.292373946360153,0.384815708812261,2.85037838166839,-0.573819168371979,1.54534854029928,-0.0812771957916459
"261","XC329835_terminal_strophes.wav",2.16859504132231,0.774079511473193,0.461128048780488,10,0.957393483709273,0.281462391857506,0.129790203562341,0.136583630195081,0.142661959287532,0.107622179813401,0.257435114503817,0.333593002544529,2.76355963643052,0.198389269325135,-0.6423757965398,0.440976209596035
"262","XC329836_terminal_strophes.wav",2.21325648414986,0.794464953200813,0.451822916666667,8,0.857647058823529,0.274924066924067,0.124216993779494,0.13048153957529,0.152138969326469,0.118131435006435,0.269554456241956,0.347950772200772,3.00910798976883,-0.464293914657316,-0.34847133636914,0.201661944503159
"263","XC329880_terminal_strophes.wav",1.14097496706192,0.131883131166805,0.876443418013857,11,0.51008064516129,0.185880178880554,0.1629134593191,0.0678806080496249,0.133078188113099,0.049725452010002,0.140590666474322,0.245765363531448,-1.63993380949544,-1.78723570805961,0.198452733679863,-0.765504217657558
"264","XC329881_terminal_strophes.wav",1.83073684210526,0.604718531772359,0.546228150873965,10,0.887961029923451,0.233335387191096,0.127454357078853,0.11412755061938,0.128527656927938,0.110549884455763,0.222173068760611,0.310183656385588,1.67404797940712,-0.0255930047621562,-0.637817092075613,0.153738852221173
"265","XC342662_terminal_strophes.wav",1.36899563318777,0.314077356518736,0.730462519936204,7,0.831018518518519,0.224816447908121,0.164219989062073,0.128722655181843,0.154897456931911,0.0591622231337162,0.254935397867104,0.344216570959803,1.90135693009,-0.183755046842033,0.867038987041047,0.0734505611793024
"266","XC342664_terminal_strophes.wav",1.01551724137931,0.0153980801111212,0.984719864176571,9,0.611702127659574,0.158333333333333,0.155913978494624,0.082437275985663,0.134767025089606,0.0591397849462366,0.168817204301075,0.18494623655914,-2.25149990263194,-1.36587839078635,0.36821517171109,0.766042535790284
"267","XC363526_terminal_strophes.wav",1.12916666666667,0.121479897537709,0.885608856088561,6,0.745508982035928,0.194655376260264,0.172388525101341,0.134139821094481,0.179930523074524,0.0754199797318366,0.185317664483941,0.267202213907078,-0.538599865022,-0.428816458991894,0.51197434500732,0.0547563433985624
"268","XC373803_terminal_strophes.wav",1.28439803439804,0.250290152866148,0.778574844571975,8,0.874704491725768,0.187443131640106,0.14593850708278,0.132671370075255,0.151675647410359,0.0552199756529438,0.257095600929615,0.332395567729084,1.68687681398833,0.106686525973675,0.972034043225938,0.379960956438065
"269","XC424319_terminal_strophes.wav",1.15363511659808,0.14291792796429,0.866825208085612,9,0.839779005524862,0.225477651815618,0.195449712453728,0.16300881367883,0.194109179446501,0.0479017127915859,0.209123149127446,0.282048144720606,0.125137317821323,0.0756596312789988,0.629607680911011,0.370976043860594
"270","XC467600_terminal_strophes.wav",1.23404255319149,0.210295408836361,0.810344827586207,6,0.965217391304348,0.218369903718459,0.176954921978752,0.179106349601594,0.18556063247012,0.0580885458167331,0.188249916998672,0.291518442895086,0.298055982384075,0.947592068779178,0.0971784956082933,0.170385324431194
