,file.name,threshold_30,threshold_25,salvageable_30,tentative_score,new_threshold,trim_before,trim_after,recommendation,WTSP notes,resamp_useable,resamp_new_threshold,resamp_trim_before,resamp_trim_after,resamp_notes
1,ML15562_terminal_strophes.wav,yes,yes,,,NA,0,1.08585034,,,,NA,0,,
2,ML15563_terminal_strophes.wav,yes,use,,,30,0,0.955736961,,,,NA,0,,
3,ML15564_terminal_strophes.wav,yes,yes,,,NA,0,1.079387755,,,,NA,0,,
4,ML15565_terminal_strophes.wav,yes,use,,,30,0,1.451111111,,,,NA,0,,
5,ML15568_terminal_strophes.wav,yes,yes,,,NA,0,1.972403628,,,,NA,0,,
6,ML15570_terminal_strophes.wav,yes,yes,,,NA,0,1.37414966,,,,NA,0,,
7,ML15571_terminal_strophes.wav,yes,yes,,,NA,0,1.322426304,,,,NA,0,,
8,ML15572_terminal_strophes.wav,yes,yes,,,NA,0,1.517188209,,,,NA,0,,
9,ML15573_terminal_strophes.wav,yes,use,,,30,0,1.49185941,,,,NA,0,,inconsistent triplet (singer)
10,ML15574_terminal_strophes.wav,yes,yes,,,NA,0,0.923854875,,,,NA,0,,
11,ML15575_terminal_strophes.wav,yes,use,,,30,0,0.788049887,,,,NA,0,,
12,ML15576_terminal_strophes.wav,yes,yes,,,NA,0,0.980408163,,,,NA,0,,
13,ML15577_terminal_strophes.wav,trim,no,yes,,NA,0,0.96170068,,,no,NA,0,,"technically had two three-note strophes, but it had picked up the wrong split between notes (a giant amplitude drop in the first note of strophe 2)"
14,ML15578_terminal_strophes.wav,no,use,yes,,45,0,0.952721088,,,,37,0,,
15,ML15580_terminal_strophes.wav,yes,yes,,,NA,0,1.359931973,,,,NA,0,,
16,ML15581_terminal_strophes.wav,yes,yes,,,NA,0,0.975600907,,,,30,0,,missed duration (would come out cretic either way)
17,ML15582_terminal_strophes.wav,yes,use,,,30,0,0.862653061,,,,NA,0,,
18,ML15583_terminal_strophes.wav,no,no,no,,NA,0,1.470634921,,,no,NA,0,,
19,ML15584_terminal_strophes.wav,yes,yes,,,NA,0,1.143446712,,,,NA,0,,
20,ML15585_terminal_strophes.wav,no,no,no,NA,NA,0,4.148730159,,,no,NA,0,,
21,ML15590_terminal_strophes.wav,yes,use,,,30,0,1.573764172,,,,NA,0,,
22,ML15592_terminal_strophes.wav,yes,yes,,,NA,0,0.962244898,,,,NA,0,,
23,ML15593_terminal_strophes.wav,no,use,yes,,45,0,1.004376417,,,,40,0,,
24,ML15599_terminal_strophes.wav,yes,yes,,,NA,0,1.63292517,,,,NA,0,,
25,ML15600_terminal_strophes.wav,yes,use,,,30,0,1.030839002,,,,NA,0,,
26,ML15601_terminal_strophes.wav,yes,yes,,,NA,0,1.024693878,,,,NA,0,,
27,ML15602_terminal_strophes.wav,yes,yes,,,NA,0,2.181405896,,,,NA,0,,
28,ML15606_terminal_strophes.wav,yes,yes,,,NA,0,1.0369161,,,,NA,0,,
29,ML15607_terminal_strophes.wav,yes,yes,,,NA,0,2.045034014,,,,NA,0,,
30,ML15608_terminal_strophes.wav,yes,yes,,,NA,0,1.008390023,,,,NA,0,,
31,ML15610_terminal_strophes.wav,yes,yes,,,NA,0,2.889251701,,,,NA,0,,
32,ML18735_terminal_strophes.wav,yes,yes,,,NA,0,1.622040816,,,,NA,0,,
33,ML26122_terminal_strophes.wav,no,yes,yes,,NA,0,0.987868481,,,,NA,0,,
34,ML36984_terminal_strophes.wav,yes,yes,,,NA,0,1.633764172,,,,NA,0,,
35,ML66742_terminal_strophes.wav,no,use,yes,triplet?,45,0,1.006689342,ambiguous (amplitude drop between last two notes of triplet not as extreme)?,,,40,0,,"timer initially returned consistent two-note strophes, but it was an iamb and it looks like this should be a cretic"
36,ML66745_terminal_strophes.wav,yes,yes,,,NA,0,1.422517007,,,,NA,0,,
37,ML66752_terminal_strophes.wav,yes,yes,,,NA,0,1.051609977,,,,NA,0,,
38,ML66753_terminal_strophes.wav,no,yes,yes,,NA,0,1.440294785,,,,NA,0,,
39,ML66754_terminal_strophes.wav,no,no,no,,NA,0,1.469387755,,,no,NA,0,,
40,ML66756_terminal_strophes.wav,yes,yes,,,NA,0,2.05829932,,,,NA,0,,
41,ML66757_terminal_strophes.wav,yes,yes,,,NA,0,1.522743764,,,,NA,0,,
42,ML66758_terminal_strophes.wav,no,use,yes,,45,0,1.051587302,,,,NA,0,,
43,ML66759_terminal_strophes.wav,yes,yes,,,NA,0,1.568072562,,,,NA,0,,
44,ML66760_terminal_strophes.wav,yes,yes,,,NA,0,1.447981859,,,,NA,0,,
45,ML66761_terminal_strophes.wav,yes,yes,,,NA,0,2.002743764,,,,NA,0,,
46,ML66764_terminal_strophes.wav,no,yes,yes,,NA,0,1.50861678,,,,32,0,,inconsistent triplet (singer)
47,ML66765_terminal_strophes.wav,yes,yes,,,NA,0,1.516961451,,,,NA,0,,
48,ML66768_terminal_strophes.wav,yes,yes,,,NA,0,2.349229025,,,,NA,0,,
49,ML66769_terminal_strophes.wav,yes,yes,,,NA,0,1.056621315,,,,NA,0,,
50,ML66770_terminal_strophes.wav,yes,yes,,,NA,0,1.055011338,,,,NA,0,,
51,ML66771_terminal_strophes.wav,yes,yes,,,NA,0,1.082947846,,,,NA,0,,
52,ML66772_terminal_strophes.wav,no,yes,yes,,NA,0,1.07,,,,30,0,,
53,ML66774_terminal_strophes.wav,yes,yes,,,NA,0,1.102131519,,,,NA,0,,
54,ML66776_terminal_strophes.wav,yes,yes,,,NA,0,1.485102041,,,,NA,0,,
55,ML66777_terminal_strophes.wav,yes,yes,,,NA,0,1.061927438,,,,30,0,,missed duration
56,ML66778_terminal_strophes.wav,yes,yes,,,NA,0,1.002086168,,,,NA,0,,
57,ML66779_terminal_strophes.wav,yes,yes,,,NA,0,1.009750567,,,,NA,0,,
58,ML66780_terminal_strophes.wav,yes,yes,,,NA,0,1.590022676,,,,27,0,,missed duration
59,ML66781_terminal_strophes.wav,no,no,no,,NA,0,1.04276644,,,,15,0,,inconsistent triplet (singer? recording?)
60,ML66783_terminal_strophes.wav,yes,yes,,,NA,0,0.925986395,,,,NA,0,,
61,ML66784_terminal_strophes.wav,no,no,no,NA,NA,0,1.132471655,,,no,NA,0,,
62,ML66786_terminal_strophes.wav,yes,use,,,30,0,1.029297052,,,,NA,0,,
63,ML66788_terminal_strophes.wav,no,yes,yes,,NA,0,1.623900227,,,,25,0,,
64,ML66789_terminal_strophes.wav,yes,yes,,,NA,0,1.037981859,,,,NA,0,,
65,ML66791_terminal_strophes.wav,yes,yes,,,NA,0,1.051201814,,,,NA,0,,
66,ML66792_terminal_strophes.wav,yes,use,,,30,0,2.611247166,,,,NA,0,,
67,ML66793_terminal_strophes.wav,yes,yes,,,NA,0,1.494829932,,,,NA,0,,
68,ML73982_terminal_strophes.wav,yes,yes,,,NA,0,1.076712018,,,,NA,0,,
69,ML73984_terminal_strophes.wav,yes,yes,,,NA,0,1.038798186,,,,NA,0,,inconsistent triplet (singer)
70,ML73990_terminal_strophes.wav,yes,yes,,,NA,0,1.699546485,,,,NA,0,,
71,ML77095_terminal_strophes.wav,yes,yes,,,NA,0,1.762380952,,,,NA,0,,
72,ML84752_terminal_strophes.wav,yes,yes,,,NA,0,1.159863946,,,,NA,0,,
73,ML98806_terminal_strophes.wav,yes,yes,,,NA,0,1.085827664,,,,NA,0,,
74,ML98816_terminal_strophes.wav,yes,yes,,,NA,0,1.168367347,,,,NA,0,,
75,ML100883_terminal_strophes.wav,yes,yes,,,NA,0,1.371201814,,,,NA,0,,
76,ML107292_terminal_strophes.wav,no,yes,yes,,NA,0,1.525736961,,,,30,0,,missed duration; inconsistent triplet (singer)
77,ML117995_terminal_strophes.wav,no,yes,yes,,NA,0,1.675034014,,,,20,0,,
78,ML133972_terminal_strophes.wav,no,no,no,,NA,0,1.684716553,,,no,NA,0,,
79,ML136579_terminal_strophes.wav,yes,yes,,,NA,0,1.362290249,,,,NA,0,,
80,ML140282_terminal_strophes.wav,yes,yes,,,NA,0,1.851292517,,,,NA,0,,
81,ML146267_terminal_strophes.wav,yes,yes,,,NA,0,1.488571429,,,,NA,0,,
82,ML169021_terminal_strophes.wav,yes,yes,,,NA,0,1.898888889,,,,NA,0,,
83,ML205319_terminal_strophes.wav,yes,yes,,,NA,0,1.164512472,,,,NA,0,,
84,ML219798_terminal_strophes.wav,yes,yes,,,NA,0,1.643628118,,,,NA,0,,
85,ML219799_terminal_strophes.wav,yes,yes,,,NA,0,1.684965986,,,,NA,0,,
86,ML224605_terminal_strophes.wav,yes,yes,,,NA,0,1.265079365,,,,NA,0,,
87,ML224609_terminal_strophes.wav,yes,yes,,,NA,0,1.227823129,,,,NA,0,,
88,ML20752341_terminal_strophes.wav,no,no,no,,NA,0,1.378480726,,,no,NA,0,,
89,ML21866961_terminal_strophes.wav,no,no,no,,NA,0,1.202970522,,,no,NA,0,,
90,ML26983461_terminal_strophes.wav,no,no,no,doublet?,NA,0,2.101125,,,no,NA,0,,
91,ML27192051_terminal_strophes.wav,no,no,no,doublet drops,NA,0,0.9,,,,14,0,,
92,ML27192071_terminal_strophes.wav,no,use,no,doublet,10,0,0.85,,,,10,0,,
93,ML27522691_terminal_strophes.wav,yes,use,,,20,0,1.300113379,,,,NA,0,,
94,ML28196461_terminal_strophes.wav,no,no,no,doublet drops,NA,0,1.294333333,,,,NA,0.42,,insonsistent triplet (singer? recording?)
95,ML29893601_terminal_strophes.wav,no,no,no,doublet drops,NA,0,1.222104167,,,,22,0,,could go either way; inconsistent triplet (singer)
96,ML31406421_terminal_strophes.wav,no,no,no,NA,NA,0,1.8128125,,,no,NA,0,,
97,ML31612451_terminal_strophes_doublet.wav,no,no,no,doublet drops?,NA,0.45,1.619274376,where do i trim?,,,NA,0.6,,
98,ML31612451_terminal_strophes_triplet.wav,yes,yes,,,NA,0,1.424217687,,,no,NA,0,,
99,ML31716761_terminal_strophes.wav,no,no,no,NA,NA,0,1.775333333,,,no,NA,0,,
100,ML34904071_terminal_strophes.wav,yes,yes,yes,doublet drops,NA,0,1.078375,,,,34,0,,
101,ML38458241_terminal_strophes.wav,yes,yes,yes,doublet drops,NA,0,1.949183673,,,,30,0,,
102,ML39355611_terminal_strophes_doublet.wav,yes,yes,,doublet,NA,0,1.14707483,,,,NA,0,,
103,ML39355611_terminal_strophes_triplet.wav,no,no,no,,NA,0,1.553492063,,,,10,0,,
104,ML39355641_terminal_strophes.wav,no,yes,yes,,NA,0,1.402993197,,,,27,0,,
105,ML39901471_terminal_strophes.wav,yes,yes,,,NA,0,2.049291667,,,,NA,0,,
106,ML39908121_terminal_strophes.wav,yes,yes,,,NA,0,1.123833333,,,,NA,0,,
107,ML41194381_terminal_strophes.wav,no,no,no,,NA,0,1.277845805,,,no,NA,0,,
108,ML41694471_terminal_strophes.wav,no,yes,yes,,NA,0,1.441583333,,,,25,0,,
109,ML47699151_terminal_strophes.wav,no,no,no,NA,NA,0,2.481836735,,,no,NA,0,,
110,ML47740971_terminal_strophes.wav,no,no,no,NA,NA,0,2.137791667,,,no,NA,0,,
111,ML49064811_terminal_strophes.wav,no,yes,yes,doublet drops,NA,0,1.600854167,,,,5,0,,
112,ML51018801_terminal_strophes.wav,yes,yes,,,NA,0,1.816938776,,,,20,0,,missed duration
113,ML52577121_terminal_strophes.wav,no,use,yes,,10,0,1.394829932,,,,15,0,,
114,ML52836791_terminal_strophes.wav,no,no,no,doublet,NA,0,1.721364583,,,,13,0,,
115,ML52837721_terminal_strophes.wav,no,use,no,,20,0,1.713958333,,,,27,0,,
116,ML54188011_terminal_strophes.wav,yes,yes,yes,doublet drops,NA,0,1.680952381,,,,NA,0,,
117,ML54340501_terminal_strophes.wav,trim,yes,yes,doublet drops,NA,0,1.259625,,,,NA,0,0.9,
118,ML54362381_terminal_strophes.wav,no,no,no,,NA,0,1.605104167,,,no,NA,0,,
119,ML54492741_terminal_strophes.wav,no,no,no,,NA,0,1.2904375,,,,15,0,,
120,ML54547061_terminal_strophes.wav,no,no,yes,,NA,0,2.054166667,,,,10,0,,
121,ML54554911_terminal_strophes.wav,no,use,yes,,19,0,1.277666667,,,,25,0,,
122,ML54610761_terminal_strophes.wav,no,no,no,NA,NA,0,1.7020625,,,no,NA,0,,
123,ML54838341_terminal_strophes.wav,no,yes,yes,doublet,NA,0,1.256291667,,,,30,0,,
124,ML55055931_terminal_strophes.wav,no,use,yes,,15,0,1.830725624,,,,20,0,,
125,ML55350731_terminal_strophes.wav,no,no,no,,NA,0,1.351020408,,,no,NA,0,,
126,ML55593151_terminal_strophes.wav,no,use,yes,,20,0,2.023287982,,,,27,0,,
127,ML56021031_terminal_strophes.wav,yes,yes,,,NA,0,1.39553288,,,,33,0,,
128,ML56998831_terminal_strophes.wav,trim,yes,yes,doublet drops,NA,0,1.202333333,,,,33,0,,
129,ML57168021_terminal_strophes.wav,no,no,no,,NA,0,2.008,,,,17,0,,
130,ML93491201_terminal_strophes.wav,no,use,yes,,20,0,1.164416667,,,,20,0,,
131,ML93553411_terminal_strophes.wav,trim,yes,yes,doublet drops,NA,0,1.778503401,,,,25,0,,missed duration
132,ML93834681_terminal_strophes.wav,no,use/trim,yes,,27,0,1.35,alt: threshold 20,,,33,0,,
133,ML94043581_terminal_strophes.wav,no,no,no,,NA,0,1.617573696,,,no,NA,0,,
134,ML94120091_terminal_strophes.wav,no,no,no,doublet drops,NA,0,1.15,,,,19,0,1.5,
135,ML94146141_terminal_strophes.wav,no,no,no,,NA,0,1.333741497,,,,10,0,,
136,ML94149261_terminal_strophes.wav,yes,yes,,doublet,NA,0,1.131020833,,,,NA,0,,
137,ML94685391_terminal_strophes.wav,no,no,yes,,NA,0,1.428604167,,,,25,0,,
138,ML94746021_terminal_strophes.wav,no,no,no,doublet,NA,0,2.178604167,,,no,NA,0,,
139,ML95743871_terminal_strophes.wav,no,no,no,,NA,0,1.427891156,,,no,NA,0,,
140,ML95939711_terminal_strophes.wav,no,no,no,NA,NA,0,2.470521542,,,no,NA,0,,
141,ML95963851_terminal_strophes.wav,no,use,yes,,20,0,1.325666667,,,,25,0,,
142,ML96083341_terminal_strophes.wav,no,no,no,,NA,0,1.337732426,,,no,NA,0,,
143,ML96722551_terminal_strophes.wav,no,no,yes,doublet,NA,0,1.2,"tiny tiny gap? alt: threshold to 20%, trim at 1.2",,no,NA,0,,
144,ML96749011_terminal_strophes.wav,no,no,no,,NA,0,2.661083333,,,no,NA,0,,
145,ML96789591_terminal_strophes.wav,no,no,no,,NA,0,1.30122449,,,no,NA,0,,
146,ML97130171_terminal_strophes.wav,no,no,no,,NA,0,1.296281179,,,no,NA,0,,
147,ML97718781_terminal_strophes.wav,no,use,yes,triplet?,NA,0,1.381043084,**ambiguous? it's clean but weird,,,NA,0,,irregular;  four note strophes
148,ML97782401_terminal_strophes.wav,no,yes,yes,doublet,NA,0,1.500249433,,,,32,0,,
149,ML102373331_terminal_strophes.wav,yes,yes,,,NA,0,1.966485261,,,,33,0,,
150,ML102438111_terminal_strophes.wav,no,no,no,doublet,NA,0.25,1.003265306,**only four notes?,,no,NA,0,,
151,ML103667581_terminal_strophes.wav,no,use,yes,,11,0,1.30739229,,,,15,0,,
152,ML103786851_terminal_strophes.wav,no,no,no,,NA,0,1.493900227,,,no,NA,0,,
153,ML104284141_terminal_strophes.wav,no,no,,NA,NA,0,1.727301587,,,no,NA,0,,
154,ML104303161_terminal_strophes.wav,no,yes,yes,doublet,NA,0,0.82,,,,32,0,,missed duration
155,ML104526071_terminal_strophes.wav,no,no,no,,NA,0,1.468253968,,,no,NA,0,,
156,ML104716561_terminal_strophes.wav,yes,yes,,,NA,0,1.41175,,,,NA,0,,
157,ML104970781_terminal_strophes.wav,yes,use,yes,doublet drops,NA,0,1.666349206,,,,38,0,,could go either way
158,ML105044581_terminal_strophes.wav,no,no,no,,NA,0,1.3685625,,,no,NA,0,,
159,ML105213831_terminal_strophes.wav,yes,yes,,,NA,0,1.709569161,,,,NA,0,,
160,ML105680731_terminal_strophes.wav,no,yes,yes,,NA,0,1.898548753,,,,30,0,,
161,ML105916381_terminal_strophes.wav,no,no,no,,NA,0,2.104979167,,,no,NA,0,,
162,ML105954241_terminal_strophes.wav,yes,use,yes,doublet drops,15,0,1.614729167,,,,15,0,,
163,ML106300881_terminal_strophes_retrim2024.wav,no,use,yes,doublet,15,0,1.26414966,,,,12,0,,
164,ML106441141_terminal_strophes.wav,no,yes,yes,,NA,0,1.298412698,,,,30,0,,
165,ML106497711_terminal_strophes.wav,yes,yes,yes,doublet drops,NA,0,1.305770833,,,,NA,0,,
166,ML106877561_terminal_strophes_retrim2024.wav,trim,use,yes,doublet drops,24,0,1.58,**alt: lower threshold to ~20%,,,NA,0,0.9,missed duration (trimmed to resolve)
167,ML106877611_terminal_strophes.wav,no,no,no,NA,NA,0,2.816729167,,,no,NA,0,,
168,ML106961551_terminal_strophes.wav,no,use,yes,doublet,20,0.21,1.288563,"**alt: lower threshold to 20%, trim before 0.25",,,20,0.25,,
169,ML107795761_terminal_strophes.wav,yes,yes,,,NA,0,1.360708333,,,,NA,0,,
170,ML108297581_terminal_strophes.wav,no,use,no,,NA,0,1.076604167,ambiguous?,,,NA,0,,
171,ML122289641_terminal_strophes.wav,no,use,,,20,0,1.2430625,,,,20,0,,missed duration
172,ML122576641_terminal_strophes.wav,yes,yes,,,NA,0,1.164895833,,,,NA,0,,
173,ML124298691_terminal_strophes.wav,yes,yes,,,NA,0,1.906729167,,,,NA,0,,
174,ML143538121_terminal_strophes.wav,no,use,yes,,10,0,1.428125,,,,12,0,,
175,ML147868031_terminal_strophes.wav,no,no,no,,NA,0,1.379666667,,,no,NA,0,,
176,ML148001361_terminal_strophes.wav,no,no,no,NA,NA,0,1.284421769,,,,NA,0,,
177,ML148643661_terminal_strophes.wav,no,no,no,NA,NA,0,1.910270833,,,no,NA,0,,
178,ML149149781_terminal_strophes.wav,no,no,yes,,NA,0,1.412993197,,,,17,0,,
179,ML149162841_terminal_strophes.wav,no,no,no,,NA,0,1.493786848,,,,19,0,,
180,ML149175611_terminal_strophes.wav,no,no,no,,NA,0,2.030793651,,,no,NA,0,,
181,ML149181651_terminal_strophes.wav,no,trim,yes,doublet drops,NA,0,1.2,,,,NA,0,,
182,ML149181731_terminal_strophes.wav,yes,yes,,doublet,NA,0,1.257625,,,,32,0,,
183,ML149539611_terminal_strophes.wav,no,no,no,NA,NA,0,2.006520833,,,,30,0,0.85,
184,ML149539621_terminal_strophes.wav,no,no,no,NA,NA,0,1.525104167,,,no,NA,0,,
185,ML149676381_terminal_strophes_retrim2024.wav,yes,use,yes,doublet drops,30,0,1.614604167,good example of an ambiguous recording (doublet drop vs triplet),,,NA,0,,
186,ML149714511_terminal_strophes.wav,no,no,no,,NA,0,2.037458333,,,,15,0,,
187,ML149927141_terminal_strophes.wav,trim,use,yes,doublet drops,19,0,1.99,**alt: 20% threshold?,,,20,0,1.22,
188,ML150285871_terminal_strophes.wav,no,no,no,NA,NA,0,2.249208333,,,no,NA,0,,
189,ML150335931_terminal_strophes_retrim2024.wav,no,use,yes,,15,0,1.459645833,,,,17,0,,
190,ML150436541_terminal_strophes.wav,no,no,no,,NA,0,1.333166667,,,no,NA,0,,
191,ML150436551_terminal_strophes.wav,no,use,yes,,5,0,2.763125,,,,7,0,,
192,ML150470201_terminal_strophes.wav,no,no,no,,NA,0,1.998875,,,,15,0,1.35,
193,ML150584681_terminal_strophes.wav,yes,use,,,30,0,1.300083333,,,,NA,0,,
194,ML150778241_terminal_strophes.wav,no,no,no,,NA,0,1.988526077,,,,15,0.65,,
195,ML150795391_terminal_strophes.wav,no,no,no,,NA,0,1.337573696,,,no,NA,0,,
196,ML150818621_terminal_strophes.wav,no,yes,yes,,NA,0,1.601587302,,,,30,0,,
197,ML150821241_terminal_strophes.wav,no,no,no,NA,NA,0,1.885541667,,,no,NA,0,,lowering threshold to 10 returned zero signals
198,ML150858011_terminal_strophes.wav,no,no,no,NA,NA,0,1.761609977,,,no,NA,0,,
199,ML150888471_terminal_strophes.wav,no,no,no,doublet,NA,0,1.251229167,,,no,NA,0,,
200,ML151217251_terminal_strophes.wav,no,use,yes,doublet,24,0.4,2.078625,should i trim or is it useless?,,no,NA,0,,
201,ML151217291_terminal_strophes.wav,yes,yes,,doublet,NA,0,1.247125,,,no,NA,0,,recording is exact duplicate of ML149181731
202,ML151217311_terminal_strophes.wav,no,no,no,doublet,NA,0,1.2,repeat of ML149181651,,,10,0,,
203,ML151240401_terminal_strophes.wav,yes,use,yes,,30,0,1.282375,,,,13,0,,missed duration
204,ML152040921_terminal_strophes_retrim2024.wav,no,use,yes,,10,0,1.252479167,,,,17,0,,
205,ML152069651_terminal_strophes.wav,no,use/trim,yes,doublet,28,0,2.5,,,,32,0,,inconsistent doublet (singer restarts doublet sequence midway)
206,ML152125251_terminal_strophes.wav,no,no,yes,doublet,NA,0,2.127505669,ambiguous? trim?,,,30,0,0.95,
207,ML152251971_terminal_strophes.wav,no,no,no,NA,NA,0,2.637346939,,,no,NA,0,,
208,ML152366311_terminal_strophes.wav,yes,yes,,,NA,0,1.970145833,,,,32,0,,
209,ML152381611_terminal_strophes.wav,no,use,yes,,10,0,1.2396875,,,,22,0,,missed duration (would be cretic either way)
210,ML152426451_terminal_strophes_retrim2024.wav,no,use,yes,,9,0,1.805666667,,,,8,0,,
211,ML152567031_terminal_strophes.wav,no,no,no,NA,NA,0,2.0489375,,,no,NA,0,,
212,ML152587961_terminal_strophes.wav,no,yes,yes,,NA,0,1.26890625,,,,27,0,,
213,ML152655191_terminal_strophes.wav,no,no,no,,NA,0,1.3614375,,,,17,0,,
214,ML152763311_terminal_strophes.wav,no,no,no,,NA,0,2.023333333,,,,17,0,,
215,ML152895731_terminal_strophes.wav,no,no,no,NA,NA,0,1.139024943,,,no,NA,0,,
216,ML152956471_terminal_strophes_doublet.wav,no,no,yes,doublet,NA,0,1.1,,,,30,0,,
217,ML152956471_terminal_strophes_triplet.wav,no,no,no,,NA,0,1.331020408,,,,20,0,1.12,
218,ML153008851_terminal_strophes.wav,no,no,no,doublet,NA,0,1.462426304,,,,12,0,1.05,
219,ML153175621_terminal_strophes_retrim2024.wav,yes,use,yes,doublet drops,10,0,1.262104167,,,,15,0,,
220,ML153443091_terminal_strophes.wav,yes,yes,,,NA,0,1.37975,,,,33,0,,
221,ML153561511_terminal_strophes.wav,no,no,no,NA,NA,0,1.206213152,,,no,NA,0,,
222,ML153826801_terminal_strophes.wav,no,yes,yes,,NA,0,1.605583333,,,,10,0,,missed duration
223,ML153826821_terminal_strophes.wav,no,yes,yes,,27,0,1.940104167,,,,33,0,,
224,ML153829731_terminal_strophes.wav,no,no,no,NA,NA,0,2.513151927,,,no,NA,0,,
225,ML153920471_terminal_strophes.wav,no,no,no,NA,NA,0,1.340521542,,,no,NA,0,,lowering threshold to 10 returned zero signals
226,ML154019221_terminal_strophes.wav,no,use,yes,doublet,24,0,1.550791667,,,,25,0,,
227,ML154043581_terminal_strophes.wav,no,yes,yes,,NA,0,1.578367347,,,,NA,0,,
228,ML154118571_terminal_strophes.wav,no,no,no,NA,NA,0,2.040544218,,,no,NA,0,,
229,ML154127181_terminal_strophes.wav,no,no,yes,doublet,10,0.25,1.394833333,,,no,NA,0,,
230,ML154323861_terminal_strophes.wav,no,no,yes,doublet,NA,0,1.458004535,,,,25,0,,
231,ML154719841_terminal_strophes.wav,no,no,no,NA,NA,0,1.213708333,,,no,NA,0,,
232,ML155337671_terminal_strophes.wav,no,no,no,,NA,0,1.936530612,,,,14,0.6,,
233,ML156859031_terminal_strophes.wav,no,no,no,,NA,0,1.275895692,,,no,NA,0,,
234,ML157366601_terminal_strophes.wav,no,no,no,,NA,0,1.902199546,,,no,NA,0,,
235,ML158046011_terminal_strophes.wav,yes,yes,,,NA,0,2.658707483,,,,NA,0,,
236,ML158343781_terminal_strophes.wav,no,no,yes,,NA,0,1.264557823,,,,25,0,,
237,ML160302201_terminal_strophes.wav,no,no,no,doublet,NA,0.7,1.519416667,**alt: threshold to 24? (halp),,,32,0,,
238,ML160553361_terminal_strophes.wav,trim,trim,no,doublet drops,NA,0,0.95,,,,NA,0,,
239,ML160870871_terminal_strophes.wav,no,no,no,NA,NA,0,2.569024943,,,no,NA,0,,
240,ML161672591_terminal_strophes.wav,trim,use,yes,doublet drops,18,0,1.1,,,,NA,0,0.95,
241,ML162376291_terminal_strophes.wav,no,yes,yes,doublet,NA,0,1.364240363,,,,31,0,,
242,ML163314261_terminal_strophes.wav,no,use,yes,,20,0,1.165,,,,20,0,,
243,ML163438911_terminal_strophes.wav,yes,yes,,,NA,0,1.9203125,,,,NA,0,,
244,ML163588521_terminal_strophes.wav,yes,yes,,,NA,0,1.2796875,,,,NA,0,,
245,ML163885511_terminal_strophes.wav,no,use,yes,,NA,0,1.25,,,,10,0,,
246,ML164722191_terminal_strophes.wav,no,no,no,NA,NA,0,1.496371882,,,no,NA,0,,
247,WTSP1.wav,yes,yes,,,NA,0,1.1311875,,match,,NA,0,,
248,WTSP2.wav,no,yes,yes,,NA,0,1.554625,,match,,33,0,,
249,WTSP3.wav,no,no,no,NA,NA,0,1.390770975,,,no,NA,0,,
250,WTSP4.wav,yes,yes,yes,doublet drops?,NA,0,1.1461678,,match,,20,0,,
251,WTSP5_terminal_strophes_retrim2024.wav,no,yes,yes,doublet,NA,0,1.5928125,,match,,22,0,,missed duration
252,WTSP6.wav,yes,yes,yes,doublet drops,NA,0,1.189160998,,match,,15,0,,
253,WTSP7.wav,no,use,yes,triplet?,15,0,2.520666667,ambiguous?,match,,12,0,,inconsistent triplet (singer)
254,WTSP8.wav,no,no,yes,,NA,0,0.85,,,,25,0,,
255,WTSP9_terminal_strophes_retrim2024.wav,yes,yes,yes,doublet drops?,NA,0,1.529041667,,match,,NA,0,,inconsistent triplet (singer)
256,WTSP10.wav,no,no,yes,doublet drops,NA,0,0.85,,,,16,0,,
257,WTSP11.wav,no,yes,yes,doublet drops,NA,0,1.407166667,,match,,32,0,1.1,inconsistent triplet (singer); changed threshold to capture consisten duration in first note of strophes
258,WTSP12.wav,no,no,no,NA,NA,0,1.265333333,,,no,NA,0,,
259,WTSP13.wav,yes,yes,,doublet drops,NA,0,1.435941043,,match,,NA,0,,
260,WTSP14.wav,trim,yes,yes,doublet drops,NA,0,1.198375,,match,,NA,0,,
261,WTSP15_terminal_strophes_retrim2024.wav,yes,yes,yes,doublet drops?,NA,0,2.335291667,,match,,NA,0,,mixture
262,WTSP16.wav,no,no,no,NA,NA,0,2.343895833,,,no,NA,0,,
263,WTSP17.wav,no,use,yes,triplet?,24,0,1.287646,alt: threshold to 23%,match,,27,0,,missed duration
264,WTSP18.wav,no,no,no,NA,NA,0,1.438231293,,,no,NA,0,,
265,WTSP19.wav,no,no,no,NA,NA,0,2.6093125,,,no,NA,0,,
266,WTSP20.wav,no,no,no,NA,NA,0,2.6093125,,,no,NA,0,,
267,WTSP21.wav,yes,yes,yes,doublet drops,NA,0,1.763083333,,match,,NA,0,,
268,WTSP22.wav,no,use,yes,doublet drops,24,0,1.15,,match,,32,0,0.86,
269,WTSP23.wav,yes,yes,,triplet?,NA,0,1.7383125,,match,,33,0,,
270,WTSP24.wav,no,use,yes,,NA,0,1.1,,match,,NA,0,1.1,
271,WTSP25.wav,yes,yes,,,NA,0,1.087708333,,match,,NA,0,,
272,WTSP26.wav,no,no,no,doublet?,NA,0,1.636895833,,,no,NA,0,,
273,WTSP27.wav,no,use/trim,yes,,28,0,2.151083,,match,,30,0,,
274,WTSP28.wav,yes,yes,yes,doublet drops,NA,0,1.626666667,,match,,NA,0,,
275,WTSP29.wav,trim,yes,yes,doublet drops,NA,0,1.644875283,,match,,30,0,,
276,WTSP30.wav,no,use,yes,,15,0,1.653424036,,match,,16,0,,
277,WTSP31.wav,no,use,yes,,45,0,0.97415625,,match,,40,0,,
278,WTSP32.wav,no,no,no,NA,NA,0,1.480833333,,,no,NA,0,,
279,WTSP33.wav,yes,yes,,doublet,NA,0,1.400657596,,match,,NA,0,,
280,WTSP34.wav,yes,yes,,,NA,0,2.009,,match,,NA,0,,
281,WTSP35.wav,no,use,yes,,23,0,1.268412698,,match,,30,0,,
282,WTSP36.wav,yes,use,,,40,0,1.38534375,,match,,NA,0,,inconsistent triplet (recording? singer?)
283,WTSP37.wav,no,yes,yes,triplet?,NA,0,1.6245,,match,,20,0.46,,
284,WTSP38.wav,no,use,yes,NA,10,0,1.215056689,,match,no,NA,0,,
285,WTSP39.wav,no,use,yes,,15,0.75,2.22260771,,match,,20,0.75,,
286,WTSP40.wav,no,use,yes,NA,NA,0,1.183333333,ambiguous?,match,,20,0,,irregular
287,WTSP41.wav,yes,yes,yes,doublet drops,NA,0,1.76170068,listen to recording,match,,NA,0,1.3,
288,WTSP42.wav,yes,yes,,,NA,0,1.299206349,,match,,NA,0,,
289,WTSP43.wav,yes,yes,,,NA,0,1.102958333,,match,,NA,0,,
290,WTSP44.wav,yes,yes,,,NA,0,2.131496599,,match,,NA,0,,
291,WTSP45_terminal_strophes_retrim2024.wav,yes,trim,yes,doublet drops,NA,0,0.72,halp?,match,,NA,0,,
292,WTSP46_terminal_strophes_retrim2024.wav,no,trim,yes,doublet drops?,NA,0,1.1,ambiguous?,match,,20,0,,
293,WTSP47.wav,yes,yes,,,NA,0,1.903287982,,match,,NA,0,,
294,WTSP48.wav,yes,yes,,,NA,0,1.363229167,,match,,NA,0,,
295,WTSP49.wav,yes,yes,,,NA,0,1.23146875,,match,,NA,0,,
296,WTSP50.wav,yes,yes,yes,doublet drops,NA,0,1.4443125,listen to recording,match,,NA,0,,
297,WTSP51.wav,no,use,yes,doublet,20,0,1.80475,,match,,20,0,,inconsistent doublet (singer)
298,WTSP52.wav,yes,yes,,,NA,0,2.445854167,,match,,NA,0,,
299,WTSP53.wav,no,no,no,NA,NA,0,1.469274376,,,no,NA,0,,
300,WTSP54.wav,no,use,yes,doublet drops,10,0,1.3675,"lower threshold to 15%, listen to recording",match,,10,0.4,,
301,WTSP55.wav,no,yes,yes,doublet,NA,0,1.818791667,,match,,NA,0,1,
302,WTSP56.wav,no,use,yes,,45,0,1.134729167,,match,,NA,0,,
303,WTSP57.wav,no,no,no,NA,NA,0,1.664333333,,,no,NA,0,,
304,WTSP58.wav,yes,yes,,doublet,NA,0,1.9891875,,match,,34,0,,
305,WTSP59.wav,yes,yes,,,NA,0,1.442666667,,match,,34,0,,
306,WTSP60.wav,no,yes,yes,doublet,NA,0,1.909697917,,match,,27,0,,
307,WTSP61.wav,no,no,no,NA,NA,0,1.704583333,,,no,NA,0,,
308,WTSP62.wav,yes,yes,,,NA,0,1.224197917,,match,,NA,0,,
309,WTSP63.wav,no,no,yes,NA,45,0,0.662208333,listen to recording; rhythm is weird,,,40,0,,inconsistent triplet (singer? recording?)
310,WTSP64.wav,trim,yes,yes,doublet drops,NA,0,2.723469388,,match,,15,0,1.95,
311,WTSP65.wav,no,no,no,doublet drops,NA,0,2.456077098,,,,17,0,1.8,
312,WTSP66.wav,yes,yes,,,NA,0,1.154958333,,match,,NA,0,,
313,WTSP67.wav,no,no,no,NA,NA,0,0.950226757,,,no,NA,0,,
314,WTSP68.wav,no,no,yes,doublet drops,NA,0,1.25,,,,NA,0.45,,
315,WTSP69.wav,no,use,yes,,21.5,0,1.901836735,alt: threshold to 20,match,,20,0,,
316,WTSP70.wav,trim,use,yes,doublet drops,NA,0,1.3,,match,,23,0,2.1,missed duration; trimmed and threshold
317,WTSP71_terminal_strophes_retrim2024.wav,yes,yes,yes,doublet drops,NA,0,1.793104167,,match,,NA,0,,irregular
318,WTSP72.wav,no,no,no,,NA,0,1.839375,,,no,NA,0,,
319,WTSP73.wav,yes,yes,,,NA,0,1.433151927,,match,,NA,0,,
320,WTSP74.wav,yes,yes,,,NA,0,1.628625,,match,,NA,0,,
321,WTSP75.wav,yes,yes,,,NA,0,1.430854167,,match,,NA,0,,
322,WTSP76.wav,no,no,no,,NA,0,1.386270833,,,,16,0,,
323,WTSP77.wav,no,no,no,,NA,0,1.423492063,,,no,NA,0,,
324,WTSP78.wav,no,no,no,NA,NA,0,1.17546875,,,no,NA,0,,
325,WTSP79.wav,no,no,no,NA,NA,0,2.250333333,,,no,NA,0,,
326,WTSP80.wav,no,no,no,NA,NA,0,1.440145833,,,no,NA,0,,
327,WTSP81.wav,no,no,no,doublet drops?,NA,0,1.763877551,,,no,NA,0,,
328,WTSP82_terminal_strophes_retrim2024.wav,trim,use,yes,doublet drops,23,0,1.72,,match,,31,0,0.99,
329,WTSP83.wav,no,yes,yes,doublet,NA,0,1.348125,,match,,20,0,,
330,WTSP84.wav,trim,no,yes,doublet drops,NA,0,1.8165625,,,,NA,0,0.86,inconsistent triplet (recording? singer?)
331,WTSP85.wav,no,no,no,doublet drops,NA,0,1,,,,33,0,,inconsistent triplet (recording)
332,WTSP86.wav,trim,use/trim,yes,doublet drops,28,0,0.95,,match,,16,0,,missed duration
333,WTSP87.wav,no,trim,yes,triplet?,NA,0,1.1,alt: threshold to 23 (halp?),match,,NA,0,,inconsistent triplet (singer)
334,WTSP88.wav,no,yes,yes,NA,NA,0,1.7975625,,match,,NA,0,,
335,WTSP89.wav,no,no,no,NA,NA,0,1.8159375,,,no,NA,0,,
336,WTSP90.wav,no,no,no,doublet drops,NA,0,1.94739229,,,no,NA,0,,
337,WTSP91.wav,yes,yes,,,NA,0,1.520260417,,match,,NA,0,,
338,XC14297_terminal_strophes.wav,yes,use,,doublet,30,0,1.240090703,,,,NA,0,,
339,XC14298_terminal_strophes_retrim2024.wav,yes,yes,,doublet drops?,NA,0,1.601609977,,,,NA,0,,
340,XC16937_terminal_strophes.wav,no,trim,no,doublet,NA,0,1.1,,,,17,0,,
341,XC33226_terminal_strophes.wav,no,no,yes,doublet,NA,0,1.28877551,,,,27,0,,
342,XC52450_terminal_strophes.wav,no,yes,yes,,NA,0,1.993166667,,,,NA,0,,
343,XC77875_terminl_strophes.wav,yes,yes,,doublet,NA,0,1.91537415,,,,NA,0,,
344,XC83546_terminal_strophes.wav,yes,yes,,,NA,0,1.861315193,,,,NA,0,,
345,XC89189_terminal_strophes.wav,yes,yes,,,NA,0,1.385510204,,,,NA,0,,
346,XC137567_terminal_strophes.wav,no,yes,yes,,NA,0,1.950294785,,,,25,0,,missed duration; cretic either way
347,XC141294_terminal_strophes.wav,no,no,yes,doublet,NA,0,1.625714286,,,,10,0.45,,
348,XC141419_terminal_strophes.wav,no,no,no,doublet,NA,0,0.9,,,no,NA,0,,
349,XC142150_terminal_strophes.wav,no,use,yes,,22,0,1.5,,,,27,0,1.48,
350,XC147689_terminal_strophes_retrim2024.wav,yes,use,yes,doublet drops,30,0,1.18600907,,,no,NA,0,,starts on a signal. only recording here that returns an uh oh error. not included in analysis
351,XC147925_terminal_strophes.wav,no,no,no,NA,NA,0,1.682131519,,,no,NA,0,,
352,XC153309_terminal_strophes.wav,no,no,yes,,NA,0,1.932698413,,,,33,0,,missed duration
353,XC154441_terminal_strophes.wav,yes,use,yes,doublet drops,20,0,1.154580499,,,,27,0,,
354,XC185150_terminal_strophes.wav,yes,yes,,,NA,0,1.450362812,,,,NA,0,,
355,XC188417_terminal_strophes.wav,no,no,no,NA,NA,0,2.63814059,,,no,NA,0,,
356,XC188449_terminal_strophes_retrim2024.wav,yes,use/trim,,,18,0,1.15,,,,17,0,1.24,missed duration; trim and threshold
357,XC188748_terminal_strophes.wav,no,no,no,NA,NA,0,1.200333333,,,no,NA,0,,
358,XC188828_terminal_strophes_retrim2024.wav,no,use,yes,doublet,19,0,1.709138322,,,no,NA,0,,
359,XC189064_terminal_strophes.wav,yes,use,yes,doublet drops,22,0,1.669773243,,,,27,0,,
360,XC189065_terminal_strophes.wav,no,use/trim,no,doublet,24,0,1.45,,,,NA,0,,
361,XC189293_terminal_strophes.wav,no,no,yes,triplet?,NA,0,1.123106576,ambiguous?,,no,NA,0,,
362,XC189812_terminal_strophes.wav,yes,yes,yes,doublet drops,NA,0,1.343356009,,,,25,0,,
363,XC190047_terminal_strophes.wav,yes,use,yes,doublet drops,30,0,1.468730159,,,,43,0,1,missed duration; too messy to salvage
364,XC190052_terminal_strophes.wav,yes,yes,,doublet drops?,NA,0,1.003287982,,,,NA,0,,
365,XC191897_terminal_strophes.wav,yes,yes,,,NA,0,1.39893424,,,,NA,0,,
366,XC192191_terminal_strophes.wav,no,no,no,NA,NA,0,1.504013605,,,no,NA,0,,
367,XC210426_terminal_strophes.wav,no,yes,yes,doublet,NA,0,1.145375,,,,32,0,,
368,XC234159_terminal_strophes.wav,no,no,no,NA,NA,0,1.739886621,,,no,NA,0,,
369,XC236559_terminal_strophes_retrim2024.wav,no,trim,no,NA,NA,0,1.12,ambiguous?,,,NA,0,1.4,irregular
370,XC237030_terminal_strophes.wav,no,no,no,doublet,NA,0,0.961746032,,,no,NA,0,,
371,XC237649_terminal_strophes.wav,trim,no,yes,doublet drops,NA,0,1.1,alt: threshold to 10%,,,12,0,,
372,XC247314_terminal_strophes.wav,no,no,no,,NA,0,1.332040816,,,,NA,0,,inconsistent triplet (singer? recording?)
373,XC248010_terminal_strophes.wav,yes,yes,,,NA,0,1.354716553,,,,17,0,,missed duration
374,XC248011_terminal_strophes.wav,yes,yes,,,NA,0,1.195873016,,,,34,0,,inconsistent triplet (recording)
375,XC248012_terminal_strophes.wav,yes,yes,,,NA,0,1.970929705,,,,33,0,,
376,XC255486_terminal_strophes.wav,no,no,no,,NA,0,1.345714286,,,no,NA,0,,
377,XC265364_terminal_strophes.wav,no,no,no,,NA,0,2.454920635,,,no,NA,0,,
378,XC248004_terminal_strophes.wav,no,use,yes,,20,0,2.332743764,,,,20,0,,
379,XC296901_terminal_strophes.wav,no,no,no,NA,NA,0,1.903354167,,,no,NA,0,,
380,XC296909_terminal_strophes_retrim2024.wav,yes,yes,,,NA,0,1.232666667,,,,NA,0,,
381,XC296910_terminal_strophes.wav,no,trim,yes,,NA,0,1.25,,,,17,0,,missed duration
382,XC297384_terminal_strophes.wav,no,no,no,,NA,0,1.209833333,,,no,NA,0,,
383,XC297603_terminal_strophes.wav,yes,yes,,doublet drops,NA,0,1.773208333,,,,NA,0,,
384,XC297606_terminal_strophes.wav,yes,yes,,,NA,0,2.962770833,,,,33,0,,
385,XC298776_terminal_strophes.wav,yes,yes,,,NA,0,1.919863946,,,,NA,0,,
386,XC310232_terminal_strophes.wav,yes,yes,,,NA,0,1.478321995,,,,32,0,,
387,XC310235_terminal_strophes.wav,no,no,no,,NA,0,1.422267574,,,,16,0,,
388,XC312168_terminal_strophes.wav,no,no,no,,NA,0,1.971609977,,,no,NA,0,,
389,XC312259_terminal_strophes.wav,no,no,yes,,NA,0,2.549886621,,,,15,0,,
390,XC312855_terminal_strophes.wav,no,yes,yes,,NA,0,1.807278912,,,,29,0,,
391,XC319515_terminal_strophes.wav,no,no,no,,NA,0,1.413786848,,,,20,0,,
392,XC322417_terminal_strophes.wav,yes,yes,yes,doublet drops,NA,0,1.654399093,,,,NA,0,,
393,XC322428_terminal_strophes.wav,no,yes,no,doublet drops,NA,0,2.174807256,,,,NA,0,0.8,
394,XC329802_terminal_strophes.wav,yes,yes,yes,doublet drops,NA,0,1.40275,,,,45,0,,
395,XC329803_terminal_strophes.wav,no,no,no,NA,NA,0,3.076625,,,,31,0.85,2.05,
396,XC329805_terminal_strophes.wav,no,no,no,NA,NA,0,1.983708333,,,no,NA,0,,
397,XC329835_terminal_strophes.wav,yes,yes,yes,doublet drops,NA,0,2.10775,,,,10,0,,
398,XC329836_terminal_strophes.wav,yes,yes,yes,doublet drops,NA,0,1.668875,,,,18,0,,
399,XC329869_terminal_strophes.wav,no,no,no,,NA,0,1.604166667,,,no,NA,0,,
400,XC329880_terminal_strophes.wav,yes,yes,yes,doublet drops,NA,0,1.859875,,,,25,0,,missed duration
401,XC329881_terminal_strophes.wav,yes,yes,yes,doublet drops,NA,0,1.896520833,,,,NA,0.48,,
402,XC342661_terminal_strophes.wav,no,no,no,NA,NA,0,1.338208617,,,no,NA,0,,
403,XC342662_terminal_strophes.wav,yes,yes,yes,doublet drops,NA,0,1.311247166,,,,NA,0,,mixture
404,XC342663_terminal_strophes.wav,no,no,no,,NA,0,1.373015873,,,no,NA,0,,
405,XC342664_terminal_strophes.wav,yes,trim,yes,doublet drops,NA,0,1.4,,,,NA,0,,
406,XC363526_terminal_strophes.wav,no,use,yes,,10,0,1.151768707,,,,20,0,,
407,XC373459_terminal_strophes.wav,trim,no,yes,doublet drops,NA,0.4,2.162916667,,,,17,0.5,,could go either way
408,XC373510_terminal_strophes.wav,no,no,yes,,NA,0,1.713479167,,,no,NA,0,,
409,XC373803_terminal_strophes.wav,trim,trim,yes,doublet drops?,NA,0,1.35,,,,20,0,,
410,XC424319_terminal_strophes.wav,yes,yes,,,NA,0,2.027958333,,,,NA,0,,
411,XC467600_terminal_strophes.wav,no,use/trim,no,,23,0,1.35,,,,28,0,,
412,XC480251_terminal_strophes.wav,no,no,no,NA,NA,0,2.342770833,,,no,NA,0,,